stage	event	scene	document	buffer	a	b	c
Atlas Publication Begin	0	1	0	0	12	0	0
Atlas Publication Complete	0	1	0	0	1	65536	1
Frame Build Begin	0	1	0	0	1148190720	1141309440	0
Frame Build Complete	0	1	0	0	17	12	0
Glyph Atlas Summary	0	1	0	0	2	10	68096
Layout Cache Summary	0	1	0	0	0	1	416
Text Summary	0	1	0	0	2	10	1
Visible Layout Begin	0	1	0	0	0	0	0
Visible Layout Complete	0	1	0	0	1	0	0
Event Dispatch Begin	2	0	0	0	9	1	0
State Mutation Complete	2	0	0	0	0	0	1
Event Dispatch Begin	3	0	0	0	9	1	0
State Mutation Complete	3	0	0	0	0	0	1
Event Dispatch Begin	4	0	0	0	7	1	0
State Mutation Complete	4	0	0	0	0	0	1
Event Dispatch Begin	5	0	0	0	8	1	0
State Mutation Complete	5	0	0	0	0	0	1
Event Dispatch Begin	6	0	0	0	8	1	0
State Mutation Complete	6	0	0	0	0	0	1
Event Dispatch Begin	7	0	0	0	8	1	0
State Mutation Complete	7	0	0	0	0	0	1
Event Dispatch Begin	8	0	0	0	8	1	0
State Mutation Complete	8	0	0	0	0	0	1
Event Dispatch Begin	9	0	0	0	8	1	0
State Mutation Complete	9	0	0	0	0	0	1
Event Dispatch Begin	10	0	0	0	8	1	0
State Mutation Complete	10	0	0	0	0	0	1
Event Dispatch Begin	11	0	0	0	8	1	0
State Mutation Complete	11	0	0	0	0	0	1
Event Dispatch Begin	12	0	0	0	8	1	0
State Mutation Complete	12	0	0	0	0	0	1
Event Dispatch Begin	13	0	0	0	8	1	0
State Mutation Complete	13	0	0	0	0	0	1
Event Dispatch Begin	14	0	0	0	8	1	0
State Mutation Complete	14	0	0	0	0	0	1
Event Dispatch Begin	15	0	0	0	8	1	0
State Mutation Complete	15	0	0	0	0	0	1
Event Dispatch Begin	16	0	0	0	8	1	0
State Mutation Complete	16	0	0	0	0	0	1
Event Dispatch Begin	17	0	0	0	8	1	0
State Mutation Complete	17	0	0	0	0	0	1
Event Dispatch Begin	18	0	0	0	8	1	0
State Mutation Complete	18	0	0	0	0	0	1
Event Dispatch Begin	19	0	0	0	8	1	0
State Mutation Complete	19	0	0	0	0	0	1
Event Dispatch Begin	20	0	0	0	8	1	0
State Mutation Complete	20	0	0	0	0	0	1
Event Dispatch Begin	21	0	0	0	8	1	0
State Mutation Complete	21	0	0	0	0	0	1
Event Dispatch Begin	22	0	0	0	8	1	0
State Mutation Complete	22	0	0	0	0	0	1
Event Dispatch Begin	23	0	0	0	8	1	0
State Mutation Complete	23	0	0	0	0	0	1
Event Dispatch Begin	24	0	0	0	8	1	0
State Mutation Complete	24	0	0	0	0	0	1
Event Dispatch Begin	25	0	0	0	8	1	0
State Mutation Complete	25	0	0	0	0	0	1
Event Dispatch Begin	26	0	0	0	8	1	0
State Mutation Complete	26	0	0	0	0	0	1
Event Dispatch Begin	27	0	0	0	8	1	0
State Mutation Complete	27	0	0	0	0	0	1
Event Dispatch Begin	28	0	0	0	8	1	0
State Mutation Complete	28	0	0	0	0	0	1
Event Dispatch Begin	29	0	0	0	8	1	0
State Mutation Complete	29	0	0	0	0	0	1
Event Dispatch Begin	30	0	0	0	8	1	0
State Mutation Complete	30	0	0	0	0	0	1
Event Dispatch Begin	31	0	0	0	8	1	0
State Mutation Complete	31	0	0	0	0	0	1
Event Dispatch Begin	32	0	0	0	8	1	0
State Mutation Complete	32	0	0	0	0	0	1
Event Dispatch Begin	33	0	0	0	8	1	0
State Mutation Complete	33	0	0	0	0	0	1
Event Dispatch Begin	34	0	0	0	8	1	0
State Mutation Complete	34	0	0	0	0	0	1
Event Dispatch Begin	35	0	0	0	8	1	0
State Mutation Complete	35	0	0	0	0	0	1
Event Dispatch Begin	36	0	0	0	8	1	0
State Mutation Complete	36	0	0	0	0	0	1
Event Dispatch Begin	37	0	0	0	8	1	0
State Mutation Complete	37	0	0	0	0	0	1
Event Dispatch Begin	38	0	0	0	8	1	0
State Mutation Complete	38	0	0	0	0	0	1
Event Dispatch Begin	39	0	0	0	8	1	0
State Mutation Complete	39	0	0	0	0	0	1
Event Dispatch Begin	40	0	0	0	8	1	0
State Mutation Complete	40	0	0	0	0	0	1
Event Dispatch Begin	41	0	0	0	8	1	0
State Mutation Complete	41	0	0	0	0	0	1
Event Dispatch Begin	42	0	0	0	8	1	0
State Mutation Complete	42	0	0	0	0	0	1
Event Dispatch Begin	43	0	0	0	8	1	0
State Mutation Complete	43	0	0	0	0	0	1
Event Dispatch Begin	44	0	0	0	1	1	0
State Mutation Complete	44	0	0	0	0	0	1
Event Dispatch Begin	45	0	0	0	8	1	0
State Mutation Complete	45	0	0	0	0	0	1
Event Dispatch Begin	46	0	0	0	1	1	0
State Mutation Complete	46	0	0	0	0	0	1
Event Dispatch Begin	47	0	0	0	8	1	0
State Mutation Complete	47	0	0	0	0	0	1
Atlas Publication Begin	48	2	1	1	13	0	0
Atlas Publication Complete	48	2	1	1	2	4608	1
Event Dispatch Begin	48	0	0	0	5	1	0
Frame Build Begin	48	2	1	1	1148190720	1141309440	0
Frame Build Complete	48	2	1	1	18	13	0
Glyph Atlas Summary	48	2	1	1	12	1	68096
Layout Cache Summary	48	2	1	1	0	1	864
State Mutation Complete	48	0	1	1	1	1	2
Text Summary	48	2	1	1	2	1	1
Visible Layout Begin	48	2	1	1	0	0	0
Visible Layout Complete	48	2	1	1	1	0	0
Event Dispatch Begin	49	0	1	1	8	2	0
State Mutation Complete	49	0	1	1	0	0	2
Event Dispatch Begin	50	0	1	1	1	2	0
State Mutation Complete	50	0	1	1	0	0	2
Event Dispatch Begin	51	0	1	1	8	2	0
State Mutation Complete	51	0	1	1	0	0	2
Event Dispatch Begin	52	0	1	1	1	2	0
State Mutation Complete	52	0	1	1	0	0	2
Event Dispatch Begin	53	0	1	1	8	2	0
State Mutation Complete	53	0	1	1	0	0	2
Event Dispatch Begin	54	0	1	1	1	2	0
State Mutation Complete	54	0	1	1	0	0	2
Event Dispatch Begin	55	0	1	1	8	2	0
State Mutation Complete	55	0	1	1	0	0	2
Event Dispatch Begin	56	0	1	1	1	2	0
State Mutation Complete	56	0	1	1	0	0	2
Event Dispatch Begin	57	0	1	1	8	2	0
State Mutation Complete	57	0	1	1	0	0	2
Atlas Publication Begin	58	3	2	2	14	0	0
Atlas Publication Complete	58	3	2	2	0	0	0
Event Dispatch Begin	58	0	1	1	5	2	0
Frame Build Begin	58	3	2	2	1148190720	1141309440	0
Frame Build Complete	58	3	2	2	19	14	0
Glyph Atlas Summary	58	3	2	2	14	0	68096
Layout Cache Summary	58	3	2	2	0	1	928
Native Display Link Target Latency	58	0	0	0	14730625	0	0
Native Event Handler Latency	58	0	0	0	28583	0	0
Native Frame Queue Latency	58	0	0	0	7024417	0	0
Native GPU Terminal Observed Latency	58	0	0	0	31450542	0	0
Native Presented Handler Latency	58	0	0	0	31456750	0	0
Native Submission Latency	58	0	0	0	253208	0	0
Native Target Presentation Latency	58	0	0	0	48063875	0	0
Native Terminal Record Latency	58	0	0	0	31451833	0	0
State Mutation Complete	58	0	2	2	1	1	3
Text Summary	58	3	2	2	2	0	1
Visible Layout Begin	58	3	2	2	0	0	0
Visible Layout Complete	58	3	2	2	1	0	0
Event Dispatch Begin	59	0	2	2	8	3	0
State Mutation Complete	59	0	2	2	0	0	3
Event Dispatch Begin	60	0	2	2	1	3	0
State Mutation Complete	60	0	2	2	0	0	3
Event Dispatch Begin	61	0	2	2	8	3	0
State Mutation Complete	61	0	2	2	0	0	3
Event Dispatch Begin	62	0	2	2	1	3	0
State Mutation Complete	62	0	2	2	0	0	3
Event Dispatch Begin	63	0	2	2	8	3	0
State Mutation Complete	63	0	2	2	0	0	3
Event Dispatch Begin	64	0	2	2	1	3	0
State Mutation Complete	64	0	2	2	0	0	3
Event Dispatch Begin	65	0	2	2	8	3	0
State Mutation Complete	65	0	2	2	0	0	3
Event Dispatch Begin	66	0	2	2	1	3	0
State Mutation Complete	66	0	2	2	0	0	3
Event Dispatch Begin	67	0	2	2	8	3	0
State Mutation Complete	67	0	2	2	0	0	3
Atlas Publication Begin	68	4	3	3	15	0	0
Atlas Publication Complete	68	4	3	3	2	4352	1
Event Dispatch Begin	68	0	2	2	5	3	0
Frame Build Begin	68	4	3	3	1148190720	1141309440	0
Frame Build Complete	68	4	3	3	20	15	0
Glyph Atlas Summary	68	4	3	3	14	1	68096
Layout Cache Summary	68	4	3	3	0	1	992
State Mutation Complete	68	0	3	3	1	1	4
Text Summary	68	4	3	3	2	1	1
Visible Layout Begin	68	4	3	3	0	0	0
Visible Layout Complete	68	4	3	3	1	0	0
Event Dispatch Begin	69	0	3	3	8	4	0
State Mutation Complete	69	0	3	3	0	0	4
Event Dispatch Begin	70	0	3	3	1	4	0
State Mutation Complete	70	0	3	3	0	0	4
Event Dispatch Begin	71	0	3	3	8	4	0
State Mutation Complete	71	0	3	3	0	0	4
Event Dispatch Begin	72	0	3	3	1	4	0
State Mutation Complete	72	0	3	3	0	0	4
Event Dispatch Begin	73	0	3	3	8	4	0
State Mutation Complete	73	0	3	3	0	0	4
Event Dispatch Begin	74	0	3	3	1	4	0
State Mutation Complete	74	0	3	3	0	0	4
Event Dispatch Begin	75	0	3	3	8	4	0
State Mutation Complete	75	0	3	3	0	0	4
Event Dispatch Begin	76	0	3	3	1	4	0
State Mutation Complete	76	0	3	3	0	0	4
Event Dispatch Begin	77	0	3	3	8	4	0
State Mutation Complete	77	0	3	3	0	0	4
Atlas Publication Begin	78	5	4	4	16	0	0
Atlas Publication Complete	78	5	4	4	0	0	0
Event Dispatch Begin	78	0	3	3	5	4	0
Frame Build Begin	78	5	4	4	1148190720	1141309440	0
Frame Build Complete	78	5	4	4	21	16	0
Glyph Atlas Summary	78	5	4	4	16	0	68096
Layout Cache Summary	78	5	4	4	0	1	1056
State Mutation Complete	78	0	4	4	1	1	5
Text Summary	78	5	4	4	2	0	1
Visible Layout Begin	78	5	4	4	0	0	0
Visible Layout Complete	78	5	4	4	1	0	0
Event Dispatch Begin	79	0	4	4	8	5	0
State Mutation Complete	79	0	4	4	0	0	5
Event Dispatch Begin	80	0	4	4	1	5	0
State Mutation Complete	80	0	4	4	0	0	5
Event Dispatch Begin	81	0	4	4	8	5	0
State Mutation Complete	81	0	4	4	0	0	5
Event Dispatch Begin	82	0	4	4	1	5	0
State Mutation Complete	82	0	4	4	0	0	5
Event Dispatch Begin	83	0	4	4	8	5	0
State Mutation Complete	83	0	4	4	0	0	5
Event Dispatch Begin	84	0	4	4	1	5	0
State Mutation Complete	84	0	4	4	0	0	5
Event Dispatch Begin	85	0	4	4	8	5	0
State Mutation Complete	85	0	4	4	0	0	5
Event Dispatch Begin	86	0	4	4	1	5	0
State Mutation Complete	86	0	4	4	0	0	5
Event Dispatch Begin	87	0	4	4	8	5	0
State Mutation Complete	87	0	4	4	0	0	5
Atlas Publication Begin	88	6	5	5	17	0	0
Atlas Publication Complete	88	6	5	5	0	0	0
Event Dispatch Begin	88	0	4	4	5	5	0
Frame Build Begin	88	6	5	5	1148190720	1141309440	0
Frame Build Complete	88	6	5	5	22	17	0
Glyph Atlas Summary	88	6	5	5	17	0	68096
Layout Cache Summary	88	6	5	5	0	1	1120
State Mutation Complete	88	0	5	5	1	1	6
Text Summary	88	6	5	5	2	0	1
Visible Layout Begin	88	6	5	5	0	0	0
Visible Layout Complete	88	6	5	5	1	0	0
Event Dispatch Begin	89	0	5	5	8	6	0
State Mutation Complete	89	0	5	5	0	0	6
Event Dispatch Begin	90	0	5	5	1	6	0
State Mutation Complete	90	0	5	5	0	0	6
Event Dispatch Begin	91	0	5	5	8	6	0
State Mutation Complete	91	0	5	5	0	0	6
Event Dispatch Begin	92	0	5	5	1	6	0
State Mutation Complete	92	0	5	5	0	0	6
Event Dispatch Begin	93	0	5	5	8	6	0
State Mutation Complete	93	0	5	5	0	0	6
Event Dispatch Begin	94	0	5	5	1	6	0
State Mutation Complete	94	0	5	5	0	0	6
Event Dispatch Begin	95	0	5	5	8	6	0
State Mutation Complete	95	0	5	5	0	0	6
Event Dispatch Begin	96	0	5	5	1	6	0
State Mutation Complete	96	0	5	5	0	0	6
Event Dispatch Begin	97	0	5	5	8	6	0
State Mutation Complete	97	0	5	5	0	0	6
Atlas Publication Begin	98	7	6	6	18	0	0
Atlas Publication Complete	98	7	6	6	2	4352	1
Event Dispatch Begin	98	0	5	5	5	6	0
Frame Build Begin	98	7	6	6	1148190720	1141309440	0
Frame Build Complete	98	7	6	6	23	18	0
Glyph Atlas Summary	98	7	6	6	17	1	68096
Layout Cache Summary	98	7	6	6	0	1	1184
State Mutation Complete	98	0	6	6	1	1	7
Text Summary	98	7	6	6	2	1	1
Visible Layout Begin	98	7	6	6	0	0	0
Visible Layout Complete	98	7	6	6	1	0	0
Event Dispatch Begin	99	0	6	6	8	7	0
State Mutation Complete	99	0	6	6	0	0	7
Event Dispatch Begin	100	0	6	6	1	7	0
State Mutation Complete	100	0	6	6	0	0	7
Event Dispatch Begin	101	0	6	6	8	7	0
State Mutation Complete	101	0	6	6	0	0	7
Event Dispatch Begin	102	0	6	6	1	7	0
State Mutation Complete	102	0	6	6	0	0	7
Event Dispatch Begin	103	0	6	6	8	7	0
State Mutation Complete	103	0	6	6	0	0	7
Event Dispatch Begin	104	0	6	6	1	7	0
State Mutation Complete	104	0	6	6	0	0	7
Event Dispatch Begin	105	0	6	6	8	7	0
State Mutation Complete	105	0	6	6	0	0	7
Event Dispatch Begin	106	0	6	6	1	7	0
State Mutation Complete	106	0	6	6	0	0	7
Event Dispatch Begin	107	0	6	6	8	7	0
State Mutation Complete	107	0	6	6	0	0	7
Atlas Publication Begin	108	8	7	7	19	0	0
Atlas Publication Complete	108	8	7	7	0	0	0
Event Dispatch Begin	108	0	6	6	5	7	0
Frame Build Begin	108	8	7	7	1148190720	1141309440	0
Frame Build Complete	108	8	7	7	24	19	0
Glyph Atlas Summary	108	8	7	7	19	0	68096
Layout Cache Summary	108	8	7	7	0	1	1248
State Mutation Complete	108	0	7	7	1	1	8
Text Summary	108	8	7	7	2	0	1
Visible Layout Begin	108	8	7	7	0	0	0
Visible Layout Complete	108	8	7	7	1	0	0
Event Dispatch Begin	109	0	7	7	8	8	0
State Mutation Complete	109	0	7	7	0	0	8
Event Dispatch Begin	110	0	7	7	1	8	0
State Mutation Complete	110	0	7	7	0	0	8
Event Dispatch Begin	111	0	7	7	8	8	0
State Mutation Complete	111	0	7	7	0	0	8
Event Dispatch Begin	112	0	7	7	1	8	0
State Mutation Complete	112	0	7	7	0	0	8
Event Dispatch Begin	113	0	7	7	8	8	0
State Mutation Complete	113	0	7	7	0	0	8
Event Dispatch Begin	114	0	7	7	1	8	0
State Mutation Complete	114	0	7	7	0	0	8
Event Dispatch Begin	115	0	7	7	8	8	0
State Mutation Complete	115	0	7	7	0	0	8
Event Dispatch Begin	116	0	7	7	1	8	0
State Mutation Complete	116	0	7	7	0	0	8
Event Dispatch Begin	117	0	7	7	8	8	0
State Mutation Complete	117	0	7	7	0	0	8
Atlas Publication Begin	118	9	8	8	20	0	0
Atlas Publication Complete	118	9	8	8	2	768	1
Event Dispatch Begin	118	0	7	7	5	8	0
Frame Build Begin	118	9	8	8	1148190720	1141309440	0
Frame Build Complete	118	9	8	8	25	20	0
Glyph Atlas Summary	118	9	8	8	19	1	68096
Layout Cache Summary	118	9	8	8	0	1	1312
State Mutation Complete	118	0	8	8	1	1	9
Text Summary	118	9	8	8	2	1	1
Visible Layout Begin	118	9	8	8	0	0	0
Visible Layout Complete	118	9	8	8	1	0	0
Event Dispatch Begin	119	0	8	8	8	9	0
State Mutation Complete	119	0	8	8	0	0	9
Event Dispatch Begin	120	0	8	8	1	9	0
State Mutation Complete	120	0	8	8	0	0	9
Event Dispatch Begin	121	0	8	8	8	9	0
State Mutation Complete	121	0	8	8	0	0	9
Event Dispatch Begin	122	0	8	8	1	9	0
State Mutation Complete	122	0	8	8	0	0	9
Event Dispatch Begin	123	0	8	8	8	9	0
State Mutation Complete	123	0	8	8	0	0	9
Event Dispatch Begin	124	0	8	8	1	9	0
State Mutation Complete	124	0	8	8	0	0	9
Event Dispatch Begin	125	0	8	8	8	9	0
State Mutation Complete	125	0	8	8	0	0	9
Event Dispatch Begin	126	0	8	8	1	9	0
State Mutation Complete	126	0	8	8	0	0	9
Event Dispatch Begin	127	0	8	8	8	9	0
State Mutation Complete	127	0	8	8	0	0	9
Atlas Publication Begin	128	10	9	9	21	0	0
Atlas Publication Complete	128	10	9	9	2	6144	1
Event Dispatch Begin	128	0	8	8	5	9	0
Frame Build Begin	128	10	9	9	1148190720	1141309440	0
Frame Build Complete	128	10	9	9	26	21	0
Glyph Atlas Summary	128	10	9	9	20	1	68096
Layout Cache Summary	128	10	9	9	0	1	1376
Native Display Link Target Latency	128	0	0	0	14746083	0	0
Native Event Handler Latency	128	0	0	0	33916	0	0
Native Frame Queue Latency	128	0	0	0	6443750	0	0
Native GPU Terminal Observed Latency	128	0	0	0	14807166	0	0
Native Presented Handler Latency	128	0	0	0	36064708	0	0
Native Submission Latency	128	0	0	0	177792	0	0
Native Target Presentation Latency	128	0	0	0	48079333	0	0
Native Terminal Record Latency	128	0	0	0	14808541	0	0
State Mutation Complete	128	0	9	9	1	1	10
Text Summary	128	10	9	9	2	1	1
Visible Layout Begin	128	10	9	9	0	0	0
Visible Layout Complete	128	10	9	9	1	0	0
Event Dispatch Begin	129	0	9	9	8	10	0
State Mutation Complete	129	0	9	9	0	0	10
Event Dispatch Begin	130	0	9	9	1	10	0
State Mutation Complete	130	0	9	9	0	0	10
Event Dispatch Begin	131	0	9	9	8	10	0
State Mutation Complete	131	0	9	9	0	0	10
Event Dispatch Begin	132	0	9	9	1	10	0
State Mutation Complete	132	0	9	9	0	0	10
Event Dispatch Begin	133	0	9	9	8	10	0
State Mutation Complete	133	0	9	9	0	0	10
Event Dispatch Begin	134	0	9	9	1	10	0
State Mutation Complete	134	0	9	9	0	0	10
Event Dispatch Begin	135	0	9	9	8	10	0
State Mutation Complete	135	0	9	9	0	0	10
Event Dispatch Begin	136	0	9	9	1	10	0
State Mutation Complete	136	0	9	9	0	0	10
Event Dispatch Begin	137	0	9	9	8	10	0
State Mutation Complete	137	0	9	9	0	0	10
Atlas Publication Begin	138	11	10	10	22	0	0
Atlas Publication Complete	138	11	10	10	2	4608	1
Event Dispatch Begin	138	0	9	9	5	10	0
Frame Build Begin	138	11	10	10	1148190720	1141309440	0
Frame Build Complete	138	11	10	10	27	22	0
Glyph Atlas Summary	138	11	10	10	21	1	68096
Layout Cache Summary	138	11	10	10	0	1	1440
State Mutation Complete	138	0	10	10	1	1	11
Text Summary	138	11	10	10	2	1	1
Visible Layout Begin	138	11	10	10	0	0	0
Visible Layout Complete	138	11	10	10	1	0	0
Event Dispatch Begin	139	0	10	10	8	11	0
State Mutation Complete	139	0	10	10	0	0	11
Event Dispatch Begin	140	0	10	10	1	11	0
State Mutation Complete	140	0	10	10	0	0	11
Event Dispatch Begin	141	0	10	10	8	11	0
State Mutation Complete	141	0	10	10	0	0	11
Event Dispatch Begin	142	0	10	10	1	11	0
State Mutation Complete	142	0	10	10	0	0	11
Event Dispatch Begin	143	0	10	10	8	11	0
State Mutation Complete	143	0	10	10	0	0	11
Event Dispatch Begin	144	0	10	10	1	11	0
State Mutation Complete	144	0	10	10	0	0	11
Event Dispatch Begin	145	0	10	10	8	11	0
State Mutation Complete	145	0	10	10	0	0	11
Event Dispatch Begin	146	0	10	10	1	11	0
State Mutation Complete	146	0	10	10	0	0	11
Event Dispatch Begin	147	0	10	10	8	11	0
State Mutation Complete	147	0	10	10	0	0	11
Atlas Publication Begin	148	12	11	11	23	0	0
Atlas Publication Complete	148	12	11	11	2	5888	1
Event Dispatch Begin	148	0	10	10	5	11	0
Frame Build Begin	148	12	11	11	1148190720	1141309440	0
Frame Build Complete	148	12	11	11	28	23	0
Glyph Atlas Summary	148	12	11	11	22	1	70400
Layout Cache Summary	148	12	11	11	0	1	1504
State Mutation Complete	148	0	11	11	1	1	12
Text Summary	148	12	11	11	2	1	1
Visible Layout Begin	148	12	11	11	0	0	0
Visible Layout Complete	148	12	11	11	1	0	0
Event Dispatch Begin	149	0	11	11	8	12	0
State Mutation Complete	149	0	11	11	0	0	12
Event Dispatch Begin	150	0	11	11	1	12	0
State Mutation Complete	150	0	11	11	0	0	12
Event Dispatch Begin	151	0	11	11	8	12	0
State Mutation Complete	151	0	11	11	0	0	12
Event Dispatch Begin	152	0	11	11	1	12	0
State Mutation Complete	152	0	11	11	0	0	12
Event Dispatch Begin	153	0	11	11	8	12	0
State Mutation Complete	153	0	11	11	0	0	12
Event Dispatch Begin	154	0	11	11	1	12	0
State Mutation Complete	154	0	11	11	0	0	12
Event Dispatch Begin	155	0	11	11	8	12	0
State Mutation Complete	155	0	11	11	0	0	12
Event Dispatch Begin	156	0	11	11	1	12	0
State Mutation Complete	156	0	11	11	0	0	12
Event Dispatch Begin	157	0	11	11	8	12	0
State Mutation Complete	157	0	11	11	0	0	12
Atlas Publication Begin	158	13	12	12	24	0	0
Atlas Publication Complete	158	13	12	12	0	0	0
Event Dispatch Begin	158	0	11	11	5	12	0
Frame Build Begin	158	13	12	12	1148190720	1141309440	0
Frame Build Complete	158	13	12	12	29	24	0
Glyph Atlas Summary	158	13	12	12	24	0	70400
Layout Cache Summary	158	13	12	12	0	1	1568
State Mutation Complete	158	0	12	12	1	1	13
Text Summary	158	13	12	12	2	0	1
Visible Layout Begin	158	13	12	12	0	0	0
Visible Layout Complete	158	13	12	12	1	0	0
Event Dispatch Begin	159	0	12	12	8	13	0
State Mutation Complete	159	0	12	12	0	0	13
Event Dispatch Begin	160	0	12	12	1	13	0
State Mutation Complete	160	0	12	12	0	0	13
Event Dispatch Begin	161	0	12	12	8	13	0
State Mutation Complete	161	0	12	12	0	0	13
Event Dispatch Begin	162	0	12	12	1	13	0
State Mutation Complete	162	0	12	12	0	0	13
Event Dispatch Begin	163	0	12	12	8	13	0
State Mutation Complete	163	0	12	12	0	0	13
Event Dispatch Begin	164	0	12	12	1	13	0
State Mutation Complete	164	0	12	12	0	0	13
Event Dispatch Begin	165	0	12	12	8	13	0
State Mutation Complete	165	0	12	12	0	0	13
Event Dispatch Begin	166	0	12	12	1	13	0
State Mutation Complete	166	0	12	12	0	0	13
Event Dispatch Begin	167	0	12	12	8	13	0
State Mutation Complete	167	0	12	12	0	0	13
Atlas Publication Begin	168	14	13	13	25	0	0
Atlas Publication Complete	168	14	13	13	2	4608	1
Event Dispatch Begin	168	0	12	12	5	13	0
Frame Build Begin	168	14	13	13	1148190720	1141309440	0
Frame Build Complete	168	14	13	13	30	25	0
Glyph Atlas Summary	168	14	13	13	24	1	70400
Layout Cache Summary	168	14	13	13	0	1	1632
State Mutation Complete	168	0	13	13	1	1	14
Text Summary	168	14	13	13	2	1	1
Visible Layout Begin	168	14	13	13	0	0	0
Visible Layout Complete	168	14	13	13	1	0	0
Event Dispatch Begin	169	0	13	13	8	14	0
State Mutation Complete	169	0	13	13	0	0	14
Event Dispatch Begin	170	0	13	13	1	14	0
State Mutation Complete	170	0	13	13	0	0	14
Event Dispatch Begin	171	0	13	13	8	14	0
State Mutation Complete	171	0	13	13	0	0	14
Event Dispatch Begin	172	0	13	13	1	14	0
State Mutation Complete	172	0	13	13	0	0	14
Event Dispatch Begin	173	0	13	13	8	14	0
State Mutation Complete	173	0	13	13	0	0	14
Event Dispatch Begin	174	0	13	13	1	14	0
State Mutation Complete	174	0	13	13	0	0	14
Event Dispatch Begin	175	0	13	13	8	14	0
State Mutation Complete	175	0	13	13	0	0	14
Event Dispatch Begin	176	0	13	13	1	14	0
State Mutation Complete	176	0	13	13	0	0	14
Event Dispatch Begin	177	0	13	13	8	14	0
State Mutation Complete	177	0	13	13	0	0	14
Atlas Publication Begin	178	15	14	14	26	0	0
Atlas Publication Complete	178	15	14	14	0	0	0
Event Dispatch Begin	178	0	13	13	5	14	0
Frame Build Begin	178	15	14	14	1148190720	1141309440	0
Frame Build Complete	178	15	14	14	31	26	0
Glyph Atlas Summary	178	15	14	14	26	0	70400
Layout Cache Summary	178	15	14	14	0	1	1696
Native Display Link Target Latency	178	0	0	0	14684708	0	0
Native Event Handler Latency	178	0	0	0	33500	0	0
Native Frame Queue Latency	178	0	0	0	6371875	0	0
Native GPU Terminal Observed Latency	178	0	0	0	15046834	0	0
Native Presented Handler Latency	178	0	0	0	31544084	0	0
Native Submission Latency	178	0	0	0	92667	0	0
Native Target Presentation Latency	178	0	0	0	48017958	0	0
Native Terminal Record Latency	178	0	0	0	15047750	0	0
State Mutation Complete	178	0	14	14	1	1	15
Text Summary	178	15	14	14	2	0	1
Visible Layout Begin	178	15	14	14	0	0	0
Visible Layout Complete	178	15	14	14	1	0	0
Event Dispatch Begin	179	0	14	14	8	15	0
State Mutation Complete	179	0	14	14	0	0	15
Event Dispatch Begin	180	0	14	14	1	15	0
State Mutation Complete	180	0	14	14	0	0	15
Event Dispatch Begin	181	0	14	14	8	15	0
State Mutation Complete	181	0	14	14	0	0	15
Event Dispatch Begin	182	0	14	14	1	15	0
State Mutation Complete	182	0	14	14	0	0	15
Event Dispatch Begin	183	0	14	14	8	15	0
State Mutation Complete	183	0	14	14	0	0	15
Event Dispatch Begin	184	0	14	14	1	15	0
State Mutation Complete	184	0	14	14	0	0	15
Event Dispatch Begin	185	0	14	14	8	15	0
State Mutation Complete	185	0	14	14	0	0	15
Event Dispatch Begin	186	0	14	14	1	15	0
State Mutation Complete	186	0	14	14	0	0	15
Event Dispatch Begin	187	0	14	14	8	15	0
State Mutation Complete	187	0	14	14	0	0	15
Atlas Publication Begin	188	16	15	15	27	0	0
Atlas Publication Complete	188	16	15	15	0	0	0
Event Dispatch Begin	188	0	14	14	5	15	0
Frame Build Begin	188	16	15	15	1148190720	1141309440	0
Frame Build Complete	188	16	15	15	32	27	0
Glyph Atlas Summary	188	16	15	15	27	0	70400
Layout Cache Summary	188	16	15	15	0	1	1760
State Mutation Complete	188	0	15	15	1	1	16
Text Summary	188	16	15	15	2	0	1
Visible Layout Begin	188	16	15	15	0	0	0
Visible Layout Complete	188	16	15	15	1	0	0
Event Dispatch Begin	189	0	15	15	8	16	0
State Mutation Complete	189	0	15	15	0	0	16
Event Dispatch Begin	190	0	15	15	1	16	0
State Mutation Complete	190	0	15	15	0	0	16
Event Dispatch Begin	191	0	15	15	8	16	0
State Mutation Complete	191	0	15	15	0	0	16
Event Dispatch Begin	192	0	15	15	1	16	0
State Mutation Complete	192	0	15	15	0	0	16
Event Dispatch Begin	193	0	15	15	8	16	0
State Mutation Complete	193	0	15	15	0	0	16
Event Dispatch Begin	194	0	15	15	1	16	0
State Mutation Complete	194	0	15	15	0	0	16
Event Dispatch Begin	195	0	15	15	8	16	0
State Mutation Complete	195	0	15	15	0	0	16
Event Dispatch Begin	196	0	15	15	1	16	0
State Mutation Complete	196	0	15	15	0	0	16
Event Dispatch Begin	197	0	15	15	8	16	0
State Mutation Complete	197	0	15	15	0	0	16
Atlas Publication Begin	198	17	16	16	28	0	0
Atlas Publication Complete	198	17	16	16	2	6144	1
Event Dispatch Begin	198	0	15	15	5	16	0
Frame Build Begin	198	17	16	16	1148190720	1141309440	0
Frame Build Complete	198	17	16	16	33	28	0
Glyph Atlas Summary	198	17	16	16	27	1	70400
Layout Cache Summary	198	17	16	16	0	1	1824
State Mutation Complete	198	0	16	16	1	1	17
Text Summary	198	17	16	16	2	1	1
Visible Layout Begin	198	17	16	16	0	0	0
Visible Layout Complete	198	17	16	16	1	0	0
Event Dispatch Begin	199	0	16	16	8	17	0
State Mutation Complete	199	0	16	16	0	0	17
Event Dispatch Begin	200	0	16	16	1	17	0
State Mutation Complete	200	0	16	16	0	0	17
Event Dispatch Begin	201	0	16	16	8	17	0
State Mutation Complete	201	0	16	16	0	0	17
Event Dispatch Begin	202	0	16	16	1	17	0
State Mutation Complete	202	0	16	16	0	0	17
Event Dispatch Begin	203	0	16	16	8	17	0
State Mutation Complete	203	0	16	16	0	0	17
Event Dispatch Begin	204	0	16	16	1	17	0
State Mutation Complete	204	0	16	16	0	0	17
Event Dispatch Begin	205	0	16	16	8	17	0
State Mutation Complete	205	0	16	16	0	0	17
Event Dispatch Begin	206	0	16	16	1	17	0
State Mutation Complete	206	0	16	16	0	0	17
Event Dispatch Begin	207	0	16	16	8	17	0
State Mutation Complete	207	0	16	16	0	0	17
Atlas Publication Begin	208	18	17	17	29	0	0
Atlas Publication Complete	208	18	17	17	0	0	0
Event Dispatch Begin	208	0	16	16	5	17	0
Frame Build Begin	208	18	17	17	1148190720	1141309440	0
Frame Build Complete	208	18	17	17	34	29	0
Glyph Atlas Summary	208	18	17	17	29	0	70400
Layout Cache Summary	208	18	17	17	0	1	1888
State Mutation Complete	208	0	17	17	1	1	18
Text Summary	208	18	17	17	2	0	1
Visible Layout Begin	208	18	17	17	0	0	0
Visible Layout Complete	208	18	17	17	1	0	0
Event Dispatch Begin	209	0	17	17	8	18	0
State Mutation Complete	209	0	17	17	0	0	18
Event Dispatch Begin	210	0	17	17	1	18	0
State Mutation Complete	210	0	17	17	0	0	18
Event Dispatch Begin	211	0	17	17	8	18	0
State Mutation Complete	211	0	17	17	0	0	18
Event Dispatch Begin	212	0	17	17	1	18	0
State Mutation Complete	212	0	17	17	0	0	18
Event Dispatch Begin	213	0	17	17	8	18	0
State Mutation Complete	213	0	17	17	0	0	18
Event Dispatch Begin	214	0	17	17	1	18	0
State Mutation Complete	214	0	17	17	0	0	18
Event Dispatch Begin	215	0	17	17	8	18	0
State Mutation Complete	215	0	17	17	0	0	18
Event Dispatch Begin	216	0	17	17	1	18	0
State Mutation Complete	216	0	17	17	0	0	18
Event Dispatch Begin	217	0	17	17	8	18	0
State Mutation Complete	217	0	17	17	0	0	18
Atlas Publication Begin	218	19	18	18	30	0	0
Atlas Publication Complete	218	19	18	18	0	0	0
Event Dispatch Begin	218	0	17	17	5	18	0
Frame Build Begin	218	19	18	18	1148190720	1141309440	0
Frame Build Complete	218	19	18	18	35	30	0
Glyph Atlas Summary	218	19	18	18	30	0	70400
Layout Cache Summary	218	19	18	18	0	1	1952
Native Actual Presentation Latency	218	0	0	0	48096292	0	0
Native Display Link Target Latency	218	0	0	0	14763250	0	0
Native Event Handler Latency	218	0	0	0	42708	0	0
Native Frame Queue Latency	218	0	0	0	6446125	0	0
Native GPU Terminal Observed Latency	218	0	0	0	14815833	0	0
Native Presentation Callback Lag	218	0	0	0	173917	0	0
Native Presented Handler Latency	218	0	0	0	48270541	0	0
Native Submission Latency	218	0	0	0	95500	0	0
Native Target Presentation Latency	218	0	0	0	48096500	0	0
Native Terminal Record Latency	218	0	0	0	14816750	0	0
State Mutation Complete	218	0	18	18	1	1	19
Text Summary	218	19	18	18	2	0	1
Visible Layout Begin	218	19	18	18	0	0	0
Visible Layout Complete	218	19	18	18	1	0	0
Event Dispatch Begin	219	0	18	18	8	19	0
State Mutation Complete	219	0	18	18	0	0	19
Event Dispatch Begin	220	0	18	18	1	19	0
State Mutation Complete	220	0	18	18	0	0	19
Event Dispatch Begin	221	0	18	18	8	19	0
State Mutation Complete	221	0	18	18	0	0	19
Event Dispatch Begin	222	0	18	18	1	19	0
State Mutation Complete	222	0	18	18	0	0	19
Event Dispatch Begin	223	0	18	18	8	19	0
State Mutation Complete	223	0	18	18	0	0	19
Event Dispatch Begin	224	0	18	18	1	19	0
State Mutation Complete	224	0	18	18	0	0	19
Event Dispatch Begin	225	0	18	18	8	19	0
State Mutation Complete	225	0	18	18	0	0	19
Event Dispatch Begin	226	0	18	18	1	19	0
State Mutation Complete	226	0	18	18	0	0	19
Event Dispatch Begin	227	0	18	18	8	19	0
State Mutation Complete	227	0	18	18	0	0	19
Atlas Publication Begin	228	20	19	19	31	0	0
Atlas Publication Complete	228	20	19	19	2	4608	1
Event Dispatch Begin	228	0	18	18	5	19	0
Frame Build Begin	228	20	19	19	1148190720	1141309440	0
Frame Build Complete	228	20	19	19	36	31	0
Glyph Atlas Summary	228	20	19	19	30	1	70400
Layout Cache Summary	228	20	19	19	0	1	2016
State Mutation Complete	228	0	19	19	1	1	20
Text Summary	228	20	19	19	2	1	1
Visible Layout Begin	228	20	19	19	0	0	0
Visible Layout Complete	228	20	19	19	1	0	0
Event Dispatch Begin	229	0	19	19	8	20	0
State Mutation Complete	229	0	19	19	0	0	20
Event Dispatch Begin	230	0	19	19	1	20	0
State Mutation Complete	230	0	19	19	0	0	20
Event Dispatch Begin	231	0	19	19	8	20	0
State Mutation Complete	231	0	19	19	0	0	20
Event Dispatch Begin	232	0	19	19	1	20	0
State Mutation Complete	232	0	19	19	0	0	20
Event Dispatch Begin	233	0	19	19	8	20	0
State Mutation Complete	233	0	19	19	0	0	20
Event Dispatch Begin	234	0	19	19	1	20	0
State Mutation Complete	234	0	19	19	0	0	20
Event Dispatch Begin	235	0	19	19	8	20	0
State Mutation Complete	235	0	19	19	0	0	20
Event Dispatch Begin	236	0	19	19	1	20	0
State Mutation Complete	236	0	19	19	0	0	20
Event Dispatch Begin	237	0	19	19	8	20	0
State Mutation Complete	237	0	19	19	0	0	20
Atlas Publication Begin	238	21	20	20	32	0	0
Atlas Publication Complete	238	21	20	20	0	0	0
Event Dispatch Begin	238	0	19	19	5	20	0
Frame Build Begin	238	21	20	20	1148190720	1141309440	0
Frame Build Complete	238	21	20	20	37	32	0
Glyph Atlas Summary	238	21	20	20	32	0	70400
Layout Cache Summary	238	21	20	20	0	1	2080
State Mutation Complete	238	0	20	20	1	1	21
Text Summary	238	21	20	20	2	0	1
Visible Layout Begin	238	21	20	20	0	0	0
Visible Layout Complete	238	21	20	20	1	0	0
Event Dispatch Begin	239	0	20	20	8	21	0
State Mutation Complete	239	0	20	20	0	0	21
Event Dispatch Begin	240	0	20	20	1	21	0
State Mutation Complete	240	0	20	20	0	0	21
Event Dispatch Begin	241	0	20	20	8	21	0
State Mutation Complete	241	0	20	20	0	0	21
Event Dispatch Begin	242	0	20	20	1	21	0
State Mutation Complete	242	0	20	20	0	0	21
Event Dispatch Begin	243	0	20	20	8	21	0
State Mutation Complete	243	0	20	20	0	0	21
Event Dispatch Begin	244	0	20	20	1	21	0
State Mutation Complete	244	0	20	20	0	0	21
Event Dispatch Begin	245	0	20	20	8	21	0
State Mutation Complete	245	0	20	20	0	0	21
Event Dispatch Begin	246	0	20	20	1	21	0
State Mutation Complete	246	0	20	20	0	0	21
Event Dispatch Begin	247	0	20	20	8	21	0
State Mutation Complete	247	0	20	20	0	0	21
Atlas Publication Begin	248	22	21	21	33	0	0
Atlas Publication Complete	248	22	21	21	0	0	0
Event Dispatch Begin	248	0	20	20	5	21	0
Frame Build Begin	248	22	21	21	1148190720	1141309440	0
Frame Build Complete	248	22	21	21	38	33	0
Glyph Atlas Summary	248	22	21	21	33	0	70400
Layout Cache Summary	248	22	21	21	0	1	2144
Native Actual Presentation Latency	248	0	0	0	48572542	0	0
Native Display Link Target Latency	248	0	0	0	15239542	0	0
Native Event Handler Latency	248	0	0	0	71500	0	0
Native Frame Queue Latency	248	0	0	0	6898500	0	0
Native GPU Terminal Observed Latency	248	0	0	0	15299792	0	0
Native Presentation Callback Lag	248	0	0	0	191042	0	0
Native Presented Handler Latency	248	0	0	0	48763875	0	0
Native Submission Latency	248	0	0	0	95125	0	0
Native Target Presentation Latency	248	0	0	0	48572792	0	0
Native Terminal Record Latency	248	0	0	0	15301709	0	0
State Mutation Complete	248	0	21	21	1	1	22
Text Summary	248	22	21	21	2	0	1
Visible Layout Begin	248	22	21	21	0	0	0
Visible Layout Complete	248	22	21	21	1	0	0
Event Dispatch Begin	249	0	21	21	8	22	0
State Mutation Complete	249	0	21	21	0	0	22
Event Dispatch Begin	250	0	21	21	1	22	0
State Mutation Complete	250	0	21	21	0	0	22
Event Dispatch Begin	251	0	21	21	8	22	0
State Mutation Complete	251	0	21	21	0	0	22
Event Dispatch Begin	252	0	21	21	1	22	0
State Mutation Complete	252	0	21	21	0	0	22
Event Dispatch Begin	253	0	21	21	8	22	0
State Mutation Complete	253	0	21	21	0	0	22
Event Dispatch Begin	254	0	21	21	1	22	0
State Mutation Complete	254	0	21	21	0	0	22
Event Dispatch Begin	255	0	21	21	8	22	0
State Mutation Complete	255	0	21	21	0	0	22
Event Dispatch Begin	256	0	21	21	1	22	0
State Mutation Complete	256	0	21	21	0	0	22
Event Dispatch Begin	257	0	21	21	8	22	0
State Mutation Complete	257	0	21	21	0	0	22
Atlas Publication Begin	258	23	22	22	34	0	0
Atlas Publication Complete	258	23	22	22	0	0	0
Event Dispatch Begin	258	0	21	21	5	22	0
Frame Build Begin	258	23	22	22	1148190720	1141309440	0
Frame Build Complete	258	23	22	22	39	34	0
Glyph Atlas Summary	258	23	22	22	34	0	70400
Layout Cache Summary	258	23	22	22	0	1	2208
State Mutation Complete	258	0	22	22	1	1	23
Text Summary	258	23	22	22	2	0	1
Visible Layout Begin	258	23	22	22	0	0	0
Visible Layout Complete	258	23	22	22	1	0	0
Event Dispatch Begin	259	0	22	22	8	23	0
State Mutation Complete	259	0	22	22	0	0	23
Event Dispatch Begin	260	0	22	22	1	23	0
State Mutation Complete	260	0	22	22	0	0	23
Event Dispatch Begin	261	0	22	22	8	23	0
State Mutation Complete	261	0	22	22	0	0	23
Event Dispatch Begin	262	0	22	22	1	23	0
State Mutation Complete	262	0	22	22	0	0	23
Event Dispatch Begin	263	0	22	22	8	23	0
State Mutation Complete	263	0	22	22	0	0	23
Event Dispatch Begin	264	0	22	22	1	23	0
State Mutation Complete	264	0	22	22	0	0	23
Event Dispatch Begin	265	0	22	22	8	23	0
State Mutation Complete	265	0	22	22	0	0	23
Event Dispatch Begin	266	0	22	22	1	23	0
State Mutation Complete	266	0	22	22	0	0	23
Event Dispatch Begin	267	0	22	22	8	23	0
State Mutation Complete	267	0	22	22	0	0	23
Atlas Publication Begin	268	24	23	23	35	0	0
Atlas Publication Complete	268	24	23	23	0	0	0
Event Dispatch Begin	268	0	22	22	5	23	0
Frame Build Begin	268	24	23	23	1148190720	1141309440	0
Frame Build Complete	268	24	23	23	40	35	0
Glyph Atlas Summary	268	24	23	23	35	0	70400
Layout Cache Summary	268	24	23	23	0	1	2272
State Mutation Complete	268	0	23	23	1	1	24
Text Summary	268	24	23	23	2	0	1
Visible Layout Begin	268	24	23	23	0	0	0
Visible Layout Complete	268	24	23	23	1	0	0
Event Dispatch Begin	269	0	23	23	8	24	0
State Mutation Complete	269	0	23	23	0	0	24
Event Dispatch Begin	270	0	23	23	1	24	0
State Mutation Complete	270	0	23	23	0	0	24
Event Dispatch Begin	271	0	23	23	8	24	0
State Mutation Complete	271	0	23	23	0	0	24
Event Dispatch Begin	272	0	23	23	1	24	0
State Mutation Complete	272	0	23	23	0	0	24
Event Dispatch Begin	273	0	23	23	8	24	0
State Mutation Complete	273	0	23	23	0	0	24
Event Dispatch Begin	274	0	23	23	1	24	0
State Mutation Complete	274	0	23	23	0	0	24
Event Dispatch Begin	275	0	23	23	8	24	0
State Mutation Complete	275	0	23	23	0	0	24
Event Dispatch Begin	276	0	23	23	1	24	0
State Mutation Complete	276	0	23	23	0	0	24
Event Dispatch Begin	277	0	23	23	8	24	0
State Mutation Complete	277	0	23	23	0	0	24
Atlas Publication Begin	278	25	24	24	36	0	0
Atlas Publication Complete	278	25	24	24	2	5888	1
Event Dispatch Begin	278	0	23	23	5	24	0
Frame Build Begin	278	25	24	24	1148190720	1141309440	0
Frame Build Complete	278	25	24	24	41	36	0
Glyph Atlas Summary	278	25	24	24	35	1	70400
Layout Cache Summary	278	25	24	24	0	1	2336
State Mutation Complete	278	0	24	24	1	1	25
Text Summary	278	25	24	24	2	1	1
Visible Layout Begin	278	25	24	24	0	0	0
Visible Layout Complete	278	25	24	24	1	0	0
Event Dispatch Begin	279	0	24	24	8	25	0
State Mutation Complete	279	0	24	24	0	0	25
Event Dispatch Begin	280	0	24	24	1	25	0
State Mutation Complete	280	0	24	24	0	0	25
Event Dispatch Begin	281	0	24	24	8	25	0
State Mutation Complete	281	0	24	24	0	0	25
Event Dispatch Begin	282	0	24	24	1	25	0
State Mutation Complete	282	0	24	24	0	0	25
Event Dispatch Begin	283	0	24	24	8	25	0
State Mutation Complete	283	0	24	24	0	0	25
Event Dispatch Begin	284	0	24	24	1	25	0
State Mutation Complete	284	0	24	24	0	0	25
Event Dispatch Begin	285	0	24	24	8	25	0
State Mutation Complete	285	0	24	24	0	0	25
Event Dispatch Begin	286	0	24	24	1	25	0
State Mutation Complete	286	0	24	24	0	0	25
Event Dispatch Begin	287	0	24	24	8	25	0
State Mutation Complete	287	0	24	24	0	0	25
Atlas Publication Begin	288	26	25	25	37	0	0
Atlas Publication Complete	288	26	25	25	0	0	0
Event Dispatch Begin	288	0	24	24	5	25	0
Frame Build Begin	288	26	25	25	1148190720	1141309440	0
Frame Build Complete	288	26	25	25	42	37	0
Glyph Atlas Summary	288	26	25	25	37	0	70400
Layout Cache Summary	288	26	25	25	0	1	2400
Native Actual Presentation Latency	288	0	0	0	48382250	0	0
Native Display Link Target Latency	288	0	0	0	15049292	0	0
Native Event Handler Latency	288	0	0	0	25167	0	0
Native Frame Queue Latency	288	0	0	0	6758250	0	0
Native GPU Terminal Observed Latency	288	0	0	0	15108792	0	0
Native Presentation Callback Lag	288	0	0	0	211375	0	0
Native Presented Handler Latency	288	0	0	0	48593709	0	0
Native Submission Latency	288	0	0	0	111750	0	0
Native Target Presentation Latency	288	0	0	0	48382542	0	0
Native Terminal Record Latency	288	0	0	0	15109292	0	0
State Mutation Complete	288	0	25	25	1	1	26
Text Summary	288	26	25	25	2	0	1
Visible Layout Begin	288	26	25	25	0	0	0
Visible Layout Complete	288	26	25	25	1	0	0
Event Dispatch Begin	289	0	25	25	8	26	0
State Mutation Complete	289	0	25	25	0	0	26
Event Dispatch Begin	290	0	25	25	1	26	0
State Mutation Complete	290	0	25	25	0	0	26
Event Dispatch Begin	291	0	25	25	8	26	0
State Mutation Complete	291	0	25	25	0	0	26
Event Dispatch Begin	292	0	25	25	1	26	0
State Mutation Complete	292	0	25	25	0	0	26
Event Dispatch Begin	293	0	25	25	8	26	0
State Mutation Complete	293	0	25	25	0	0	26
Event Dispatch Begin	294	0	25	25	1	26	0
State Mutation Complete	294	0	25	25	0	0	26
Event Dispatch Begin	295	0	25	25	8	26	0
State Mutation Complete	295	0	25	25	0	0	26
Event Dispatch Begin	296	0	25	25	1	26	0
State Mutation Complete	296	0	25	25	0	0	26
Event Dispatch Begin	297	0	25	25	8	26	0
State Mutation Complete	297	0	25	25	0	0	26
Atlas Publication Begin	298	27	26	26	38	0	0
Atlas Publication Complete	298	27	26	26	2	6144	1
Event Dispatch Begin	298	0	25	25	5	26	0
Frame Build Begin	298	27	26	26	1148190720	1141309440	0
Frame Build Complete	298	27	26	26	43	38	0
Glyph Atlas Summary	298	27	26	26	37	1	70400
Layout Cache Summary	298	27	26	26	0	1	2464
State Mutation Complete	298	0	26	26	1	1	27
Text Summary	298	27	26	26	2	1	1
Visible Layout Begin	298	27	26	26	0	0	0
Visible Layout Complete	298	27	26	26	1	0	0
Event Dispatch Begin	299	0	26	26	8	27	0
State Mutation Complete	299	0	26	26	0	0	27
Event Dispatch Begin	300	0	26	26	1	27	0
State Mutation Complete	300	0	26	26	0	0	27
Event Dispatch Begin	301	0	26	26	8	27	0
State Mutation Complete	301	0	26	26	0	0	27
Event Dispatch Begin	302	0	26	26	1	27	0
State Mutation Complete	302	0	26	26	0	0	27
Event Dispatch Begin	303	0	26	26	8	27	0
State Mutation Complete	303	0	26	26	0	0	27
Event Dispatch Begin	304	0	26	26	1	27	0
State Mutation Complete	304	0	26	26	0	0	27
Event Dispatch Begin	305	0	26	26	8	27	0
State Mutation Complete	305	0	26	26	0	0	27
Event Dispatch Begin	306	0	26	26	1	27	0
State Mutation Complete	306	0	26	26	0	0	27
Event Dispatch Begin	307	0	26	26	8	27	0
State Mutation Complete	307	0	26	26	0	0	27
Atlas Publication Begin	308	28	27	27	39	0	0
Atlas Publication Complete	308	28	27	27	0	0	0
Event Dispatch Begin	308	0	26	26	5	27	0
Frame Build Begin	308	28	27	27	1148190720	1141309440	0
Frame Build Complete	308	28	27	27	44	39	0
Glyph Atlas Summary	308	28	27	27	39	0	70400
Layout Cache Summary	308	28	27	27	0	1	2528
State Mutation Complete	308	0	27	27	1	1	28
Text Summary	308	28	27	27	2	0	1
Visible Layout Begin	308	28	27	27	0	0	0
Visible Layout Complete	308	28	27	27	1	0	0
Event Dispatch Begin	309	0	27	27	8	28	0
State Mutation Complete	309	0	27	27	0	0	28
Event Dispatch Begin	310	0	27	27	1	28	0
State Mutation Complete	310	0	27	27	0	0	28
Event Dispatch Begin	311	0	27	27	8	28	0
State Mutation Complete	311	0	27	27	0	0	28
Event Dispatch Begin	312	0	27	27	1	28	0
State Mutation Complete	312	0	27	27	0	0	28
Event Dispatch Begin	313	0	27	27	8	28	0
State Mutation Complete	313	0	27	27	0	0	28
Event Dispatch Begin	314	0	27	27	1	28	0
State Mutation Complete	314	0	27	27	0	0	28
Event Dispatch Begin	315	0	27	27	8	28	0
State Mutation Complete	315	0	27	27	0	0	28
Event Dispatch Begin	316	0	27	27	1	28	0
State Mutation Complete	316	0	27	27	0	0	28
Event Dispatch Begin	317	0	27	27	8	28	0
State Mutation Complete	317	0	27	27	0	0	28
Atlas Publication Begin	318	29	28	28	40	0	0
Atlas Publication Complete	318	29	28	28	0	0	0
Event Dispatch Begin	318	0	27	27	5	28	0
Frame Build Begin	318	29	28	28	1148190720	1141309440	0
Frame Build Complete	318	29	28	28	45	40	0
Glyph Atlas Summary	318	29	28	28	40	0	70400
Layout Cache Summary	318	29	28	28	0	1	2592
Native Actual Presentation Latency	318	0	0	0	48575458	0	0
Native Display Link Target Latency	318	0	0	0	15242583	0	0
Native Event Handler Latency	318	0	0	0	73125	0	0
Native Frame Queue Latency	318	0	0	0	6901250	0	0
Native GPU Terminal Observed Latency	318	0	0	0	15303667	0	0
Native Presentation Callback Lag	318	0	0	0	193750	0	0
Native Presented Handler Latency	318	0	0	0	48769333	0	0
Native Submission Latency	318	0	0	0	112416	0	0
Native Target Presentation Latency	318	0	0	0	48575833	0	0
Native Terminal Record Latency	318	0	0	0	15305125	0	0
State Mutation Complete	318	0	28	28	1	1	29
Text Summary	318	29	28	28	2	0	1
Visible Layout Begin	318	29	28	28	0	0	0
Visible Layout Complete	318	29	28	28	1	0	0
Event Dispatch Begin	319	0	28	28	8	29	0
State Mutation Complete	319	0	28	28	0	0	29
Event Dispatch Begin	320	0	28	28	1	29	0
State Mutation Complete	320	0	28	28	0	0	29
Event Dispatch Begin	321	0	28	28	8	29	0
State Mutation Complete	321	0	28	28	0	0	29
Event Dispatch Begin	322	0	28	28	1	29	0
State Mutation Complete	322	0	28	28	0	0	29
Event Dispatch Begin	323	0	28	28	8	29	0
State Mutation Complete	323	0	28	28	0	0	29
Event Dispatch Begin	324	0	28	28	1	29	0
State Mutation Complete	324	0	28	28	0	0	29
Event Dispatch Begin	325	0	28	28	8	29	0
State Mutation Complete	325	0	28	28	0	0	29
Event Dispatch Begin	326	0	28	28	1	29	0
State Mutation Complete	326	0	28	28	0	0	29
Event Dispatch Begin	327	0	28	28	8	29	0
State Mutation Complete	327	0	28	28	0	0	29
Atlas Publication Begin	328	30	29	29	41	0	0
Atlas Publication Complete	328	30	29	29	0	0	0
Event Dispatch Begin	328	0	28	28	5	29	0
Frame Build Begin	328	30	29	29	1148190720	1141309440	0
Frame Build Complete	328	30	29	29	46	41	0
Glyph Atlas Summary	328	30	29	29	41	0	70400
Layout Cache Summary	328	30	29	29	0	1	2656
State Mutation Complete	328	0	29	29	1	1	30
Text Summary	328	30	29	29	2	0	1
Visible Layout Begin	328	30	29	29	0	0	0
Visible Layout Complete	328	30	29	29	1	0	0
Event Dispatch Begin	329	0	29	29	8	30	0
State Mutation Complete	329	0	29	29	0	0	30
Event Dispatch Begin	330	0	29	29	1	30	0
State Mutation Complete	330	0	29	29	0	0	30
Event Dispatch Begin	331	0	29	29	8	30	0
State Mutation Complete	331	0	29	29	0	0	30
Event Dispatch Begin	332	0	29	29	1	30	0
State Mutation Complete	332	0	29	29	0	0	30
Event Dispatch Begin	333	0	29	29	8	30	0
State Mutation Complete	333	0	29	29	0	0	30
Event Dispatch Begin	334	0	29	29	1	30	0
State Mutation Complete	334	0	29	29	0	0	30
Event Dispatch Begin	335	0	29	29	8	30	0
State Mutation Complete	335	0	29	29	0	0	30
Event Dispatch Begin	336	0	29	29	1	30	0
State Mutation Complete	336	0	29	29	0	0	30
Event Dispatch Begin	337	0	29	29	8	30	0
State Mutation Complete	337	0	29	29	0	0	30
Atlas Publication Begin	338	31	30	30	42	0	0
Atlas Publication Complete	338	31	30	30	0	0	0
Event Dispatch Begin	338	0	29	29	5	30	0
Frame Build Begin	338	31	30	30	1148190720	1141309440	0
Frame Build Complete	338	31	30	30	47	42	0
Glyph Atlas Summary	338	31	30	30	42	0	70400
Layout Cache Summary	338	31	30	30	0	1	2720
State Mutation Complete	338	0	30	30	1	1	31
Text Summary	338	31	30	30	2	0	1
Visible Layout Begin	338	31	30	30	0	0	0
Visible Layout Complete	338	31	30	30	1	0	0
Event Dispatch Begin	339	0	30	30	8	31	0
State Mutation Complete	339	0	30	30	0	0	31
Event Dispatch Begin	340	0	30	30	1	31	0
State Mutation Complete	340	0	30	30	0	0	31
Event Dispatch Begin	341	0	30	30	8	31	0
State Mutation Complete	341	0	30	30	0	0	31
Event Dispatch Begin	342	0	30	30	1	31	0
State Mutation Complete	342	0	30	30	0	0	31
Event Dispatch Begin	343	0	30	30	8	31	0
State Mutation Complete	343	0	30	30	0	0	31
Event Dispatch Begin	344	0	30	30	1	31	0
State Mutation Complete	344	0	30	30	0	0	31
Event Dispatch Begin	345	0	30	30	8	31	0
State Mutation Complete	345	0	30	30	0	0	31
Event Dispatch Begin	346	0	30	30	1	31	0
State Mutation Complete	346	0	30	30	0	0	31
Event Dispatch Begin	347	0	30	30	8	31	0
State Mutation Complete	347	0	30	30	0	0	31
Atlas Publication Begin	348	32	31	31	43	0	0
Atlas Publication Complete	348	32	31	31	0	0	0
Event Dispatch Begin	348	0	30	30	5	31	0
Frame Build Begin	348	32	31	31	1148190720	1141309440	0
Frame Build Complete	348	32	31	31	48	43	0
Glyph Atlas Summary	348	32	31	31	43	0	70400
Layout Cache Summary	348	32	31	31	0	1	2784
State Mutation Complete	348	0	31	31	1	1	32
Text Summary	348	32	31	31	2	0	1
Visible Layout Begin	348	32	31	31	0	0	0
Visible Layout Complete	348	32	31	31	1	0	0
Event Dispatch Begin	349	0	31	31	8	32	0
State Mutation Complete	349	0	31	31	0	0	32
Event Dispatch Begin	350	0	31	31	1	32	0
State Mutation Complete	350	0	31	31	0	0	32
Event Dispatch Begin	351	0	31	31	8	32	0
State Mutation Complete	351	0	31	31	0	0	32
Event Dispatch Begin	352	0	31	31	1	32	0
State Mutation Complete	352	0	31	31	0	0	32
Event Dispatch Begin	353	0	31	31	8	32	0
State Mutation Complete	353	0	31	31	0	0	32
Event Dispatch Begin	354	0	31	31	1	32	0
State Mutation Complete	354	0	31	31	0	0	32
Event Dispatch Begin	355	0	31	31	8	32	0
State Mutation Complete	355	0	31	31	0	0	32
Event Dispatch Begin	356	0	31	31	1	32	0
State Mutation Complete	356	0	31	31	0	0	32
Event Dispatch Begin	357	0	31	31	8	32	0
State Mutation Complete	357	0	31	31	0	0	32
Atlas Publication Begin	358	33	32	32	44	0	0
Atlas Publication Complete	358	33	32	32	0	0	0
Event Dispatch Begin	358	0	31	31	5	32	0
Frame Build Begin	358	33	32	32	1148190720	1141309440	0
Frame Build Complete	358	33	32	32	49	44	0
Glyph Atlas Summary	358	33	32	32	44	0	70400
Layout Cache Summary	358	33	32	32	0	1	2848
Native Actual Presentation Latency	358	0	0	0	48508292	0	0
Native Display Link Target Latency	358	0	0	0	15175458	0	0
Native Event Handler Latency	358	0	0	0	18333	0	0
Native Frame Queue Latency	358	0	0	0	6873667	0	0
Native GPU Terminal Observed Latency	358	0	0	0	15239333	0	0
Native Presentation Callback Lag	358	0	0	0	192667	0	0
Native Presented Handler Latency	358	0	0	0	48701041	0	0
Native Submission Latency	358	0	0	0	67791	0	0
Native Target Presentation Latency	358	0	0	0	48508708	0	0
Native Terminal Record Latency	358	0	0	0	15239958	0	0
State Mutation Complete	358	0	32	32	1	1	33
Text Summary	358	33	32	32	2	0	1
Visible Layout Begin	358	33	32	32	0	0	0
Visible Layout Complete	358	33	32	32	1	0	0
Event Dispatch Begin	359	0	32	32	8	33	0
State Mutation Complete	359	0	32	32	0	0	33
Event Dispatch Begin	360	0	32	32	1	33	0
State Mutation Complete	360	0	32	32	0	0	33
Event Dispatch Begin	361	0	32	32	8	33	0
State Mutation Complete	361	0	32	32	0	0	33
Event Dispatch Begin	362	0	32	32	1	33	0
State Mutation Complete	362	0	32	32	0	0	33
Event Dispatch Begin	363	0	32	32	8	33	0
State Mutation Complete	363	0	32	32	0	0	33
Event Dispatch Begin	364	0	32	32	1	33	0
State Mutation Complete	364	0	32	32	0	0	33
Event Dispatch Begin	365	0	32	32	8	33	0
State Mutation Complete	365	0	32	32	0	0	33
Event Dispatch Begin	366	0	32	32	1	33	0
State Mutation Complete	366	0	32	32	0	0	33
Event Dispatch Begin	367	0	32	32	8	33	0
State Mutation Complete	367	0	32	32	0	0	33
Atlas Publication Begin	368	34	33	33	45	0	0
Atlas Publication Complete	368	34	33	33	0	0	0
Event Dispatch Begin	368	0	32	32	5	33	0
Frame Build Begin	368	34	33	33	1148190720	1141309440	0
Frame Build Complete	368	34	33	33	50	45	0
Glyph Atlas Summary	368	34	33	33	45	0	70400
Layout Cache Summary	368	34	33	33	0	1	2912
State Mutation Complete	368	0	33	33	1	1	34
Text Summary	368	34	33	33	2	0	1
Visible Layout Begin	368	34	33	33	0	0	0
Visible Layout Complete	368	34	33	33	1	0	0
Event Dispatch Begin	369	0	33	33	8	34	0
State Mutation Complete	369	0	33	33	0	0	34
Event Dispatch Begin	370	0	33	33	1	34	0
State Mutation Complete	370	0	33	33	0	0	34
Event Dispatch Begin	371	0	33	33	8	34	0
State Mutation Complete	371	0	33	33	0	0	34
Event Dispatch Begin	372	0	33	33	1	34	0
State Mutation Complete	372	0	33	33	0	0	34
Event Dispatch Begin	373	0	33	33	8	34	0
State Mutation Complete	373	0	33	33	0	0	34
Event Dispatch Begin	374	0	33	33	1	34	0
State Mutation Complete	374	0	33	33	0	0	34
Event Dispatch Begin	375	0	33	33	8	34	0
State Mutation Complete	375	0	33	33	0	0	34
Event Dispatch Begin	376	0	33	33	1	34	0
State Mutation Complete	376	0	33	33	0	0	34
Event Dispatch Begin	377	0	33	33	8	34	0
State Mutation Complete	377	0	33	33	0	0	34
Atlas Publication Begin	378	35	34	34	46	0	0
Atlas Publication Complete	378	35	34	34	2	6144	1
Event Dispatch Begin	378	0	33	33	5	34	0
Frame Build Begin	378	35	34	34	1148190720	1141309440	0
Frame Build Complete	378	35	34	34	51	46	0
Glyph Atlas Summary	378	35	34	34	45	1	70400
Layout Cache Summary	378	35	34	34	0	1	2976
State Mutation Complete	378	0	34	34	1	1	35
Text Summary	378	35	34	34	2	1	1
Visible Layout Begin	378	35	34	34	0	0	0
Visible Layout Complete	378	35	34	34	1	0	0
Event Dispatch Begin	379	0	34	34	8	35	0
State Mutation Complete	379	0	34	34	0	0	35
Event Dispatch Begin	380	0	34	34	1	35	0
State Mutation Complete	380	0	34	34	0	0	35
Event Dispatch Begin	381	0	34	34	8	35	0
State Mutation Complete	381	0	34	34	0	0	35
Event Dispatch Begin	382	0	34	34	1	35	0
State Mutation Complete	382	0	34	34	0	0	35
Event Dispatch Begin	383	0	34	34	8	35	0
State Mutation Complete	383	0	34	34	0	0	35
Event Dispatch Begin	384	0	34	34	1	35	0
State Mutation Complete	384	0	34	34	0	0	35
Event Dispatch Begin	385	0	34	34	8	35	0
State Mutation Complete	385	0	34	34	0	0	35
Event Dispatch Begin	386	0	34	34	1	35	0
State Mutation Complete	386	0	34	34	0	0	35
Event Dispatch Begin	387	0	34	34	8	35	0
State Mutation Complete	387	0	34	34	0	0	35
Atlas Publication Begin	388	36	35	35	47	0	0
Atlas Publication Complete	388	36	35	35	2	5888	1
Event Dispatch Begin	388	0	34	34	5	35	0
Frame Build Begin	388	36	35	35	1148190720	1141309440	0
Frame Build Complete	388	36	35	35	52	47	0
Glyph Atlas Summary	388	36	35	35	46	1	70400
Layout Cache Summary	388	36	35	35	0	1	3040
Native Actual Presentation Latency	388	0	0	0	48384167	0	0
Native Display Link Target Latency	388	0	0	0	15051375	0	0
Native Event Handler Latency	388	0	0	0	45541	0	0
Native Frame Queue Latency	388	0	0	0	6725750	0	0
Native GPU Terminal Observed Latency	388	0	0	0	15114583	0	0
Native Presentation Callback Lag	388	0	0	0	197625	0	0
Native Presented Handler Latency	388	0	0	0	48581875	0	0
Native Submission Latency	388	0	0	0	89667	0	0
Native Target Presentation Latency	388	0	0	0	48384625	0	0
Native Terminal Record Latency	388	0	0	0	15115958	0	0
State Mutation Complete	388	0	35	35	1	1	36
Text Summary	388	36	35	35	2	1	1
Visible Layout Begin	388	36	35	35	0	0	0
Visible Layout Complete	388	36	35	35	1	0	0
Event Dispatch Begin	389	0	35	35	8	36	0
State Mutation Complete	389	0	35	35	0	0	36
Event Dispatch Begin	390	0	35	35	1	36	0
State Mutation Complete	390	0	35	35	0	0	36
Event Dispatch Begin	391	0	35	35	8	36	0
State Mutation Complete	391	0	35	35	0	0	36
Event Dispatch Begin	392	0	35	35	1	36	0
State Mutation Complete	392	0	35	35	0	0	36
Event Dispatch Begin	393	0	35	35	8	36	0
State Mutation Complete	393	0	35	35	0	0	36
Event Dispatch Begin	394	0	35	35	1	36	0
State Mutation Complete	394	0	35	35	0	0	36
Event Dispatch Begin	395	0	35	35	8	36	0
State Mutation Complete	395	0	35	35	0	0	36
Event Dispatch Begin	396	0	35	35	1	36	0
State Mutation Complete	396	0	35	35	0	0	36
Event Dispatch Begin	397	0	35	35	8	36	0
State Mutation Complete	397	0	35	35	0	0	36
Atlas Publication Begin	398	37	36	36	48	0	0
Atlas Publication Complete	398	37	36	36	2	5888	1
Event Dispatch Begin	398	0	35	35	5	36	0
Frame Build Begin	398	37	36	36	1148190720	1141309440	0
Frame Build Complete	398	37	36	36	53	48	0
Glyph Atlas Summary	398	37	36	36	47	1	70656
Layout Cache Summary	398	37	36	36	0	1	3104
State Mutation Complete	398	0	36	36	1	1	37
Text Summary	398	37	36	36	2	1	1
Visible Layout Begin	398	37	36	36	0	0	0
Visible Layout Complete	398	37	36	36	1	0	0
Event Dispatch Begin	399	0	36	36	8	37	0
State Mutation Complete	399	0	36	36	0	0	37
Event Dispatch Begin	400	0	36	36	1	37	0
State Mutation Complete	400	0	36	36	0	0	37
Event Dispatch Begin	401	0	36	36	8	37	0
State Mutation Complete	401	0	36	36	0	0	37
Event Dispatch Begin	402	0	36	36	1	37	0
State Mutation Complete	402	0	36	36	0	0	37
Event Dispatch Begin	403	0	36	36	8	37	0
State Mutation Complete	403	0	36	36	0	0	37
Event Dispatch Begin	404	0	36	36	1	37	0
State Mutation Complete	404	0	36	36	0	0	37
Event Dispatch Begin	405	0	36	36	8	37	0
State Mutation Complete	405	0	36	36	0	0	37
Event Dispatch Begin	406	0	36	36	1	37	0
State Mutation Complete	406	0	36	36	0	0	37
Event Dispatch Begin	407	0	36	36	8	37	0
State Mutation Complete	407	0	36	36	0	0	37
Atlas Publication Begin	408	38	37	37	49	0	0
Atlas Publication Complete	408	38	37	37	2	7680	1
Event Dispatch Begin	408	0	36	36	5	37	0
Frame Build Begin	408	38	37	37	1148190720	1141309440	0
Frame Build Complete	408	38	37	37	54	49	0
Glyph Atlas Summary	408	38	37	37	48	1	70656
Layout Cache Summary	408	38	37	37	0	1	3168
State Mutation Complete	408	0	37	37	1	1	38
Text Summary	408	38	37	37	2	1	1
Visible Layout Begin	408	38	37	37	0	0	0
Visible Layout Complete	408	38	37	37	1	0	0
Event Dispatch Begin	409	0	37	37	8	38	0
State Mutation Complete	409	0	37	37	0	0	38
Event Dispatch Begin	410	0	37	37	1	38	0
State Mutation Complete	410	0	37	37	0	0	38
Event Dispatch Begin	411	0	37	37	8	38	0
State Mutation Complete	411	0	37	37	0	0	38
Event Dispatch Begin	412	0	37	37	1	38	0
State Mutation Complete	412	0	37	37	0	0	38
Event Dispatch Begin	413	0	37	37	8	38	0
State Mutation Complete	413	0	37	37	0	0	38
Event Dispatch Begin	414	0	37	37	1	38	0
State Mutation Complete	414	0	37	37	0	0	38
Event Dispatch Begin	415	0	37	37	8	38	0
State Mutation Complete	415	0	37	37	0	0	38
Event Dispatch Begin	416	0	37	37	1	38	0
State Mutation Complete	416	0	37	37	0	0	38
Event Dispatch Begin	417	0	37	37	8	38	0
State Mutation Complete	417	0	37	37	0	0	38
Atlas Publication Begin	418	39	38	38	50	0	0
Atlas Publication Complete	418	39	38	38	0	0	0
Event Dispatch Begin	418	0	37	37	5	38	0
Frame Build Begin	418	39	38	38	1148190720	1141309440	0
Frame Build Complete	418	39	38	38	55	50	0
Glyph Atlas Summary	418	39	38	38	50	0	70656
Layout Cache Summary	418	39	38	38	0	1	3232
State Mutation Complete	418	0	38	38	1	1	39
Text Summary	418	39	38	38	2	0	1
Visible Layout Begin	418	39	38	38	0	0	0
Visible Layout Complete	418	39	38	38	1	0	0
Event Dispatch Begin	419	0	38	38	8	39	0
State Mutation Complete	419	0	38	38	0	0	39
Event Dispatch Begin	420	0	38	38	1	39	0
State Mutation Complete	420	0	38	38	0	0	39
Event Dispatch Begin	421	0	38	38	8	39	0
State Mutation Complete	421	0	38	38	0	0	39
Event Dispatch Begin	422	0	38	38	1	39	0
State Mutation Complete	422	0	38	38	0	0	39
Event Dispatch Begin	423	0	38	38	8	39	0
State Mutation Complete	423	0	38	38	0	0	39
Event Dispatch Begin	424	0	38	38	1	39	0
State Mutation Complete	424	0	38	38	0	0	39
Event Dispatch Begin	425	0	38	38	8	39	0
State Mutation Complete	425	0	38	38	0	0	39
Event Dispatch Begin	426	0	38	38	1	39	0
State Mutation Complete	426	0	38	38	0	0	39
Event Dispatch Begin	427	0	38	38	8	39	0
State Mutation Complete	427	0	38	38	0	0	39
Atlas Publication Begin	428	40	39	39	51	0	0
Atlas Publication Complete	428	40	39	39	0	0	0
Event Dispatch Begin	428	0	38	38	5	39	0
Frame Build Begin	428	40	39	39	1148190720	1141309440	0
Frame Build Complete	428	40	39	39	56	51	0
Glyph Atlas Summary	428	40	39	39	51	0	70656
Layout Cache Summary	428	40	39	39	0	1	3296
Native Actual Presentation Latency	428	0	0	0	48343292	0	0
Native Display Link Target Latency	428	0	0	0	15010542	0	0
Native Event Handler Latency	428	0	0	0	21000	0	0
Native Frame Queue Latency	428	0	0	0	6704666	0	0
Native GPU Terminal Observed Latency	428	0	0	0	15061167	0	0
Native Presentation Callback Lag	428	0	0	0	221875	0	0
Native Presented Handler Latency	428	0	0	0	48565292	0	0
Native Submission Latency	428	0	0	0	95417	0	0
Native Target Presentation Latency	428	0	0	0	48343792	0	0
Native Terminal Record Latency	428	0	0	0	15061833	0	0
State Mutation Complete	428	0	39	39	1	1	40
Text Summary	428	40	39	39	2	0	1
Visible Layout Begin	428	40	39	39	0	0	0
Visible Layout Complete	428	40	39	39	1	0	0
Event Dispatch Begin	429	0	39	39	8	40	0
State Mutation Complete	429	0	39	39	0	0	40
Event Dispatch Begin	430	0	39	39	1	40	0
State Mutation Complete	430	0	39	39	0	0	40
Event Dispatch Begin	431	0	39	39	8	40	0
State Mutation Complete	431	0	39	39	0	0	40
Event Dispatch Begin	432	0	39	39	1	40	0
State Mutation Complete	432	0	39	39	0	0	40
Event Dispatch Begin	433	0	39	39	8	40	0
State Mutation Complete	433	0	39	39	0	0	40
Event Dispatch Begin	434	0	39	39	1	40	0
State Mutation Complete	434	0	39	39	0	0	40
Event Dispatch Begin	435	0	39	39	8	40	0
State Mutation Complete	435	0	39	39	0	0	40
Event Dispatch Begin	436	0	39	39	1	40	0
State Mutation Complete	436	0	39	39	0	0	40
Event Dispatch Begin	437	0	39	39	8	40	0
State Mutation Complete	437	0	39	39	0	0	40
Atlas Publication Begin	438	41	40	40	52	0	0
Atlas Publication Complete	438	41	40	40	0	0	0
Event Dispatch Begin	438	0	39	39	5	40	0
Frame Build Begin	438	41	40	40	1148190720	1141309440	0
Frame Build Complete	438	41	40	40	57	52	0
Glyph Atlas Summary	438	41	40	40	52	0	70656
Layout Cache Summary	438	41	40	40	0	1	3360
State Mutation Complete	438	0	40	40	1	1	41
Text Summary	438	41	40	40	2	0	1
Visible Layout Begin	438	41	40	40	0	0	0
Visible Layout Complete	438	41	40	40	1	0	0
Event Dispatch Begin	439	0	40	40	8	41	0
State Mutation Complete	439	0	40	40	0	0	41
Event Dispatch Begin	440	0	40	40	1	41	0
State Mutation Complete	440	0	40	40	0	0	41
Event Dispatch Begin	441	0	40	40	8	41	0
State Mutation Complete	441	0	40	40	0	0	41
Event Dispatch Begin	442	0	40	40	1	41	0
State Mutation Complete	442	0	40	40	0	0	41
Event Dispatch Begin	443	0	40	40	8	41	0
State Mutation Complete	443	0	40	40	0	0	41
Event Dispatch Begin	444	0	40	40	1	41	0
State Mutation Complete	444	0	40	40	0	0	41
Event Dispatch Begin	445	0	40	40	8	41	0
State Mutation Complete	445	0	40	40	0	0	41
Event Dispatch Begin	446	0	40	40	1	41	0
State Mutation Complete	446	0	40	40	0	0	41
Event Dispatch Begin	447	0	40	40	8	41	0
State Mutation Complete	447	0	40	40	0	0	41
Atlas Publication Begin	448	42	41	41	53	0	0
Atlas Publication Complete	448	42	41	41	0	0	0
Event Dispatch Begin	448	0	40	40	5	41	0
Frame Build Begin	448	42	41	41	1148190720	1141309440	0
Frame Build Complete	448	42	41	41	58	53	0
Glyph Atlas Summary	448	42	41	41	53	0	70656
Layout Cache Summary	448	42	41	41	0	1	3424
State Mutation Complete	448	0	41	41	1	1	42
Text Summary	448	42	41	41	2	0	1
Visible Layout Begin	448	42	41	41	0	0	0
Visible Layout Complete	448	42	41	41	1	0	0
Event Dispatch Begin	449	0	41	41	8	42	0
State Mutation Complete	449	0	41	41	0	0	42
Event Dispatch Begin	450	0	41	41	1	42	0
State Mutation Complete	450	0	41	41	0	0	42
Event Dispatch Begin	451	0	41	41	8	42	0
State Mutation Complete	451	0	41	41	0	0	42
Event Dispatch Begin	452	0	41	41	1	42	0
State Mutation Complete	452	0	41	41	0	0	42
Event Dispatch Begin	453	0	41	41	8	42	0
State Mutation Complete	453	0	41	41	0	0	42
Event Dispatch Begin	454	0	41	41	1	42	0
State Mutation Complete	454	0	41	41	0	0	42
Event Dispatch Begin	455	0	41	41	8	42	0
State Mutation Complete	455	0	41	41	0	0	42
Event Dispatch Begin	456	0	41	41	1	42	0
State Mutation Complete	456	0	41	41	0	0	42
Event Dispatch Begin	457	0	41	41	8	42	0
State Mutation Complete	457	0	41	41	0	0	42
Atlas Publication Begin	458	43	42	42	54	0	0
Atlas Publication Complete	458	43	42	42	0	0	0
Event Dispatch Begin	458	0	41	41	5	42	0
Frame Build Begin	458	43	42	42	1148190720	1141309440	0
Frame Build Complete	458	43	42	42	59	54	0
Glyph Atlas Summary	458	43	42	42	54	0	70656
Layout Cache Summary	458	43	42	42	0	1	3488
Native Actual Presentation Latency	458	0	0	0	48546583	0	0
Native Display Link Target Latency	458	0	0	0	15213833	0	0
Native Event Handler Latency	458	0	0	0	60667	0	0
Native Frame Queue Latency	458	0	0	0	6916292	0	0
Native GPU Terminal Observed Latency	458	0	0	0	15263125	0	0
Native Presentation Callback Lag	458	0	0	0	169000	0	0
Native Presented Handler Latency	458	0	0	0	48715708	0	0
Native Submission Latency	458	0	0	0	131167	0	0
Native Target Presentation Latency	458	0	0	0	48547083	0	0
Native Terminal Record Latency	458	0	0	0	15264000	0	0
State Mutation Complete	458	0	42	42	1	1	43
Text Summary	458	43	42	42	2	0	1
Visible Layout Begin	458	43	42	42	0	0	0
Visible Layout Complete	458	43	42	42	1	0	0
Event Dispatch Begin	459	0	42	42	8	43	0
State Mutation Complete	459	0	42	42	0	0	43
Event Dispatch Begin	460	0	42	42	1	43	0
State Mutation Complete	460	0	42	42	0	0	43
Event Dispatch Begin	461	0	42	42	8	43	0
State Mutation Complete	461	0	42	42	0	0	43
Event Dispatch Begin	462	0	42	42	1	43	0
State Mutation Complete	462	0	42	42	0	0	43
Event Dispatch Begin	463	0	42	42	8	43	0
State Mutation Complete	463	0	42	42	0	0	43
Event Dispatch Begin	464	0	42	42	1	43	0
State Mutation Complete	464	0	42	42	0	0	43
Event Dispatch Begin	465	0	42	42	8	43	0
State Mutation Complete	465	0	42	42	0	0	43
Event Dispatch Begin	466	0	42	42	1	43	0
State Mutation Complete	466	0	42	42	0	0	43
Event Dispatch Begin	467	0	42	42	8	43	0
State Mutation Complete	467	0	42	42	0	0	43
Atlas Publication Begin	468	44	43	43	55	0	0
Atlas Publication Complete	468	44	43	43	0	0	0
Event Dispatch Begin	468	0	42	42	5	43	0
Frame Build Begin	468	44	43	43	1148190720	1141309440	0
Frame Build Complete	468	44	43	43	60	55	0
Glyph Atlas Summary	468	44	43	43	55	0	70656
Layout Cache Summary	468	44	43	43	0	1	3552
State Mutation Complete	468	0	43	43	1	1	44
Text Summary	468	44	43	43	2	0	1
Visible Layout Begin	468	44	43	43	0	0	0
Visible Layout Complete	468	44	43	43	1	0	0
Event Dispatch Begin	469	0	43	43	8	44	0
State Mutation Complete	469	0	43	43	0	0	44
Event Dispatch Begin	470	0	43	43	1	44	0
State Mutation Complete	470	0	43	43	0	0	44
Event Dispatch Begin	471	0	43	43	8	44	0
State Mutation Complete	471	0	43	43	0	0	44
Event Dispatch Begin	472	0	43	43	1	44	0
State Mutation Complete	472	0	43	43	0	0	44
Event Dispatch Begin	473	0	43	43	8	44	0
State Mutation Complete	473	0	43	43	0	0	44
Event Dispatch Begin	474	0	43	43	1	44	0
State Mutation Complete	474	0	43	43	0	0	44
Event Dispatch Begin	475	0	43	43	8	44	0
State Mutation Complete	475	0	43	43	0	0	44
Event Dispatch Begin	476	0	43	43	1	44	0
State Mutation Complete	476	0	43	43	0	0	44
Event Dispatch Begin	477	0	43	43	8	44	0
State Mutation Complete	477	0	43	43	0	0	44
Atlas Publication Begin	478	45	44	44	56	0	0
Atlas Publication Complete	478	45	44	44	2	6144	1
Event Dispatch Begin	478	0	43	43	5	44	0
Frame Build Begin	478	45	44	44	1148190720	1141309440	0
Frame Build Complete	478	45	44	44	61	56	0
Glyph Atlas Summary	478	45	44	44	55	1	70656
Layout Cache Summary	478	45	44	44	0	1	3616
State Mutation Complete	478	0	44	44	1	1	45
Text Summary	478	45	44	44	2	1	1
Visible Layout Begin	478	45	44	44	0	0	0
Visible Layout Complete	478	45	44	44	1	0	0
Event Dispatch Begin	479	0	44	44	8	45	0
State Mutation Complete	479	0	44	44	0	0	45
Event Dispatch Begin	480	0	44	44	1	45	0
State Mutation Complete	480	0	44	44	0	0	45
Event Dispatch Begin	481	0	44	44	8	45	0
State Mutation Complete	481	0	44	44	0	0	45
Event Dispatch Begin	482	0	44	44	1	45	0
State Mutation Complete	482	0	44	44	0	0	45
Event Dispatch Begin	483	0	44	44	8	45	0
State Mutation Complete	483	0	44	44	0	0	45
Event Dispatch Begin	484	0	44	44	1	45	0
State Mutation Complete	484	0	44	44	0	0	45
Event Dispatch Begin	485	0	44	44	8	45	0
State Mutation Complete	485	0	44	44	0	0	45
Event Dispatch Begin	486	0	44	44	1	45	0
State Mutation Complete	486	0	44	44	0	0	45
Event Dispatch Begin	487	0	44	44	8	45	0
State Mutation Complete	487	0	44	44	0	0	45
Atlas Publication Begin	488	46	45	45	57	0	0
Atlas Publication Complete	488	46	45	45	0	0	0
Event Dispatch Begin	488	0	44	44	5	45	0
Frame Build Begin	488	46	45	45	1148190720	1141309440	0
Frame Build Complete	488	46	45	45	62	57	0
Glyph Atlas Summary	488	46	45	45	57	0	70656
Layout Cache Summary	488	46	45	45	0	1	3680
State Mutation Complete	488	0	45	45	1	1	46
Text Summary	488	46	45	45	2	0	1
Visible Layout Begin	488	46	45	45	0	0	0
Visible Layout Complete	488	46	45	45	1	0	0
Event Dispatch Begin	489	0	45	45	8	46	0
State Mutation Complete	489	0	45	45	0	0	46
Event Dispatch Begin	490	0	45	45	1	46	0
State Mutation Complete	490	0	45	45	0	0	46
Event Dispatch Begin	491	0	45	45	8	46	0
State Mutation Complete	491	0	45	45	0	0	46
Event Dispatch Begin	492	0	45	45	1	46	0
State Mutation Complete	492	0	45	45	0	0	46
Event Dispatch Begin	493	0	45	45	8	46	0
State Mutation Complete	493	0	45	45	0	0	46
Event Dispatch Begin	494	0	45	45	1	46	0
State Mutation Complete	494	0	45	45	0	0	46
Event Dispatch Begin	495	0	45	45	8	46	0
State Mutation Complete	495	0	45	45	0	0	46
Event Dispatch Begin	496	0	45	45	1	46	0
State Mutation Complete	496	0	45	45	0	0	46
Event Dispatch Begin	497	0	45	45	8	46	0
State Mutation Complete	497	0	45	45	0	0	46
Atlas Publication Begin	498	47	46	46	58	0	0
Atlas Publication Complete	498	47	46	46	0	0	0
Event Dispatch Begin	498	0	45	45	5	46	0
Frame Build Begin	498	47	46	46	1148190720	1141309440	0
Frame Build Complete	498	47	46	46	63	58	0
Glyph Atlas Summary	498	47	46	46	58	0	70656
Layout Cache Summary	498	47	46	46	0	1	3744
Native Actual Presentation Latency	498	0	0	0	48493792	0	0
Native Display Link Target Latency	498	0	0	0	15161125	0	0
Native Event Handler Latency	498	0	0	0	25958	0	0
Native Frame Queue Latency	498	0	0	0	6847208	0	0
Native GPU Terminal Observed Latency	498	0	0	0	15218042	0	0
Native Presentation Callback Lag	498	0	0	0	174375	0	0
Native Presented Handler Latency	498	0	0	0	48668250	0	0
Native Submission Latency	498	0	0	0	71042	0	0
Native Target Presentation Latency	498	0	0	0	48494375	0	0
Native Terminal Record Latency	498	0	0	0	15219167	0	0
State Mutation Complete	498	0	46	46	1	1	47
Text Summary	498	47	46	46	2	0	1
Visible Layout Begin	498	47	46	46	0	0	0
Visible Layout Complete	498	47	46	46	1	0	0
Event Dispatch Begin	499	0	46	46	8	47	0
State Mutation Complete	499	0	46	46	0	0	47
Event Dispatch Begin	500	0	46	46	1	47	0
State Mutation Complete	500	0	46	46	0	0	47
Event Dispatch Begin	501	0	46	46	8	47	0
State Mutation Complete	501	0	46	46	0	0	47
Event Dispatch Begin	502	0	46	46	1	47	0
State Mutation Complete	502	0	46	46	0	0	47
Event Dispatch Begin	503	0	46	46	8	47	0
State Mutation Complete	503	0	46	46	0	0	47
Event Dispatch Begin	504	0	46	46	1	47	0
State Mutation Complete	504	0	46	46	0	0	47
Event Dispatch Begin	505	0	46	46	8	47	0
State Mutation Complete	505	0	46	46	0	0	47
Event Dispatch Begin	506	0	46	46	1	47	0
State Mutation Complete	506	0	46	46	0	0	47
Event Dispatch Begin	507	0	46	46	8	47	0
State Mutation Complete	507	0	46	46	0	0	47
Atlas Publication Begin	508	48	47	47	59	0	0
Atlas Publication Complete	508	48	47	47	0	0	0
Event Dispatch Begin	508	0	46	46	5	47	0
Frame Build Begin	508	48	47	47	1148190720	1141309440	0
Frame Build Complete	508	48	47	47	64	59	0
Glyph Atlas Summary	508	48	47	47	59	0	70656
Layout Cache Summary	508	48	47	47	0	1	3808
State Mutation Complete	508	0	47	47	1	1	48
Text Summary	508	48	47	47	2	0	1
Visible Layout Begin	508	48	47	47	0	0	0
Visible Layout Complete	508	48	47	47	1	0	0
Event Dispatch Begin	509	0	47	47	8	48	0
State Mutation Complete	509	0	47	47	0	0	48
Event Dispatch Begin	510	0	47	47	1	48	0
State Mutation Complete	510	0	47	47	0	0	48
Event Dispatch Begin	511	0	47	47	8	48	0
State Mutation Complete	511	0	47	47	0	0	48
Event Dispatch Begin	512	0	47	47	1	48	0
State Mutation Complete	512	0	47	47	0	0	48
Event Dispatch Begin	513	0	47	47	8	48	0
State Mutation Complete	513	0	47	47	0	0	48
Event Dispatch Begin	514	0	47	47	1	48	0
State Mutation Complete	514	0	47	47	0	0	48
Event Dispatch Begin	515	0	47	47	8	48	0
State Mutation Complete	515	0	47	47	0	0	48
Event Dispatch Begin	516	0	47	47	1	48	0
State Mutation Complete	516	0	47	47	0	0	48
Event Dispatch Begin	517	0	47	47	8	48	0
State Mutation Complete	517	0	47	47	0	0	48
Atlas Publication Begin	518	49	48	48	60	0	0
Atlas Publication Complete	518	49	48	48	0	0	0
Event Dispatch Begin	518	0	47	47	5	48	0
Frame Build Begin	518	49	48	48	1148190720	1141309440	0
Frame Build Complete	518	49	48	48	65	60	0
Glyph Atlas Summary	518	49	48	48	60	0	70656
Layout Cache Summary	518	49	48	48	0	1	3872
State Mutation Complete	518	0	48	48	1	1	49
Text Summary	518	49	48	48	2	0	1
Visible Layout Begin	518	49	48	48	0	0	0
Visible Layout Complete	518	49	48	48	1	0	0
Event Dispatch Begin	519	0	48	48	8	49	0
State Mutation Complete	519	0	48	48	0	0	49
Event Dispatch Begin	520	0	48	48	1	49	0
State Mutation Complete	520	0	48	48	0	0	49
Event Dispatch Begin	521	0	48	48	8	49	0
State Mutation Complete	521	0	48	48	0	0	49
Event Dispatch Begin	522	0	48	48	1	49	0
State Mutation Complete	522	0	48	48	0	0	49
Event Dispatch Begin	523	0	48	48	8	49	0
State Mutation Complete	523	0	48	48	0	0	49
Event Dispatch Begin	524	0	48	48	1	49	0
State Mutation Complete	524	0	48	48	0	0	49
Event Dispatch Begin	525	0	48	48	8	49	0
State Mutation Complete	525	0	48	48	0	0	49
Event Dispatch Begin	526	0	48	48	1	49	0
State Mutation Complete	526	0	48	48	0	0	49
Event Dispatch Begin	527	0	48	48	8	49	0
State Mutation Complete	527	0	48	48	0	0	49
Atlas Publication Begin	528	50	49	49	61	0	0
Atlas Publication Complete	528	50	49	49	2	4352	1
Event Dispatch Begin	528	0	48	48	5	49	0
Frame Build Begin	528	50	49	49	1148190720	1141309440	0
Frame Build Complete	528	50	49	49	66	61	0
Glyph Atlas Summary	528	50	49	49	60	1	70656
Layout Cache Summary	528	50	49	49	0	1	3936
Native Actual Presentation Latency	528	0	0	0	48583542	0	0
Native Display Link Target Latency	528	0	0	0	15250917	0	0
Native Event Handler Latency	528	0	0	0	62041	0	0
Native Frame Queue Latency	528	0	0	0	6898833	0	0
Native GPU Terminal Observed Latency	528	0	0	0	15293750	0	0
Native Presentation Callback Lag	528	0	0	0	222625	0	0
Native Presented Handler Latency	528	0	0	0	48806333	0	0
Native Submission Latency	528	0	0	0	68500	0	0
Native Target Presentation Latency	528	0	0	0	48584167	0	0
Native Terminal Record Latency	528	0	0	0	15294500	0	0
State Mutation Complete	528	0	49	49	1	1	50
Text Summary	528	50	49	49	2	1	1
Visible Layout Begin	528	50	49	49	0	0	0
Visible Layout Complete	528	50	49	49	1	0	0
Event Dispatch Begin	529	0	49	49	8	50	0
State Mutation Complete	529	0	49	49	0	0	50
Event Dispatch Begin	530	0	49	49	1	50	0
State Mutation Complete	530	0	49	49	0	0	50
Event Dispatch Begin	531	0	49	49	8	50	0
State Mutation Complete	531	0	49	49	0	0	50
Event Dispatch Begin	532	0	49	49	1	50	0
State Mutation Complete	532	0	49	49	0	0	50
Event Dispatch Begin	533	0	49	49	8	50	0
State Mutation Complete	533	0	49	49	0	0	50
Event Dispatch Begin	534	0	49	49	1	50	0
State Mutation Complete	534	0	49	49	0	0	50
Event Dispatch Begin	535	0	49	49	8	50	0
State Mutation Complete	535	0	49	49	0	0	50
Event Dispatch Begin	536	0	49	49	1	50	0
State Mutation Complete	536	0	49	49	0	0	50
Event Dispatch Begin	537	0	49	49	8	50	0
State Mutation Complete	537	0	49	49	0	0	50
Atlas Publication Begin	538	51	50	50	62	0	0
Atlas Publication Complete	538	51	50	50	0	0	0
Event Dispatch Begin	538	0	49	49	5	50	0
Frame Build Begin	538	51	50	50	1148190720	1141309440	0
Frame Build Complete	538	51	50	50	67	62	0
Glyph Atlas Summary	538	51	50	50	62	0	70656
Layout Cache Summary	538	51	50	50	0	1	4000
State Mutation Complete	538	0	50	50	1	1	51
Text Summary	538	51	50	50	2	0	1
Visible Layout Begin	538	51	50	50	0	0	0
Visible Layout Complete	538	51	50	50	1	0	0
Event Dispatch Begin	539	0	50	50	8	51	0
State Mutation Complete	539	0	50	50	0	0	51
Event Dispatch Begin	540	0	50	50	1	51	0
State Mutation Complete	540	0	50	50	0	0	51
Event Dispatch Begin	541	0	50	50	8	51	0
State Mutation Complete	541	0	50	50	0	0	51
Event Dispatch Begin	542	0	50	50	1	51	0
State Mutation Complete	542	0	50	50	0	0	51
Event Dispatch Begin	543	0	50	50	8	51	0
State Mutation Complete	543	0	50	50	0	0	51
Event Dispatch Begin	544	0	50	50	1	51	0
State Mutation Complete	544	0	50	50	0	0	51
Event Dispatch Begin	545	0	50	50	8	51	0
State Mutation Complete	545	0	50	50	0	0	51
Event Dispatch Begin	546	0	50	50	1	51	0
State Mutation Complete	546	0	50	50	0	0	51
Event Dispatch Begin	547	0	50	50	8	51	0
State Mutation Complete	547	0	50	50	0	0	51
Atlas Publication Begin	548	52	51	51	63	0	0
Atlas Publication Complete	548	52	51	51	0	0	0
Event Dispatch Begin	548	0	50	50	5	51	0
Frame Build Begin	548	52	51	51	1148190720	1141309440	0
Frame Build Complete	548	52	51	51	68	63	0
Glyph Atlas Summary	548	52	51	51	63	0	70656
Layout Cache Summary	548	52	51	51	0	1	4064
State Mutation Complete	548	0	51	51	1	1	52
Text Summary	548	52	51	51	2	0	1
Visible Layout Begin	548	52	51	51	0	0	0
Visible Layout Complete	548	52	51	51	1	0	0
Event Dispatch Begin	549	0	51	51	8	52	0
State Mutation Complete	549	0	51	51	0	0	52
Event Dispatch Begin	550	0	51	51	1	52	0
State Mutation Complete	550	0	51	51	0	0	52
Event Dispatch Begin	551	0	51	51	8	52	0
State Mutation Complete	551	0	51	51	0	0	52
Event Dispatch Begin	552	0	51	51	1	52	0
State Mutation Complete	552	0	51	51	0	0	52
Event Dispatch Begin	553	0	51	51	8	52	0
State Mutation Complete	553	0	51	51	0	0	52
Event Dispatch Begin	554	0	51	51	1	52	0
State Mutation Complete	554	0	51	51	0	0	52
Event Dispatch Begin	555	0	51	51	8	52	0
State Mutation Complete	555	0	51	51	0	0	52
Event Dispatch Begin	556	0	51	51	1	52	0
State Mutation Complete	556	0	51	51	0	0	52
Event Dispatch Begin	557	0	51	51	8	52	0
State Mutation Complete	557	0	51	51	0	0	52
Atlas Publication Begin	558	53	52	52	64	0	0
Atlas Publication Complete	558	53	52	52	2	6144	1
Event Dispatch Begin	558	0	51	51	5	52	0
Frame Build Begin	558	53	52	52	1148190720	1141309440	0
Frame Build Complete	558	53	52	52	69	64	0
Glyph Atlas Summary	558	53	52	52	63	1	70656
Layout Cache Summary	558	53	52	52	0	1	4128
Native Actual Presentation Latency	558	0	0	0	48734792	0	0
Native Display Link Target Latency	558	0	0	0	15402208	0	0
Native Event Handler Latency	558	0	0	0	80166	0	0
Native Frame Queue Latency	558	0	0	0	7024000	0	0
Native GPU Terminal Observed Latency	558	0	0	0	15451958	0	0
Native Presentation Callback Lag	558	0	0	0	184250	0	0
Native Presented Handler Latency	558	0	0	0	48919333	0	0
Native Submission Latency	558	0	0	0	61834	0	0
Native Target Presentation Latency	558	0	0	0	48735458	0	0
Native Terminal Record Latency	558	0	0	0	15453083	0	0
State Mutation Complete	558	0	52	52	1	1	53
Text Summary	558	53	52	52	2	1	1
Visible Layout Begin	558	53	52	52	0	0	0
Visible Layout Complete	558	53	52	52	1	0	0
Event Dispatch Begin	559	0	52	52	8	53	0
State Mutation Complete	559	0	52	52	0	0	53
Event Dispatch Begin	560	0	52	52	1	53	0
State Mutation Complete	560	0	52	52	0	0	53
Event Dispatch Begin	561	0	52	52	8	53	0
State Mutation Complete	561	0	52	52	0	0	53
Event Dispatch Begin	562	0	52	52	1	53	0
State Mutation Complete	562	0	52	52	0	0	53
Event Dispatch Begin	563	0	52	52	8	53	0
State Mutation Complete	563	0	52	52	0	0	53
Event Dispatch Begin	564	0	52	52	1	53	0
State Mutation Complete	564	0	52	52	0	0	53
Event Dispatch Begin	565	0	52	52	8	53	0
State Mutation Complete	565	0	52	52	0	0	53
Event Dispatch Begin	566	0	52	52	1	53	0
State Mutation Complete	566	0	52	52	0	0	53
Event Dispatch Begin	567	0	52	52	8	53	0
State Mutation Complete	567	0	52	52	0	0	53
Atlas Publication Begin	568	54	53	53	65	0	0
Atlas Publication Complete	568	54	53	53	2	4352	1
Event Dispatch Begin	568	0	52	52	5	53	0
Frame Build Begin	568	54	53	53	1148190720	1141309440	0
Frame Build Complete	568	54	53	53	70	65	0
Glyph Atlas Summary	568	54	53	53	64	1	70656
Layout Cache Summary	568	54	53	53	0	1	4192
State Mutation Complete	568	0	53	53	1	1	54
Text Summary	568	54	53	53	2	1	1
Visible Layout Begin	568	54	53	53	0	0	0
Visible Layout Complete	568	54	53	53	1	0	0
Event Dispatch Begin	569	0	53	53	8	54	0
State Mutation Complete	569	0	53	53	0	0	54
Event Dispatch Begin	570	0	53	53	1	54	0
State Mutation Complete	570	0	53	53	0	0	54
Event Dispatch Begin	571	0	53	53	8	54	0
State Mutation Complete	571	0	53	53	0	0	54
Event Dispatch Begin	572	0	53	53	1	54	0
State Mutation Complete	572	0	53	53	0	0	54
Event Dispatch Begin	573	0	53	53	8	54	0
State Mutation Complete	573	0	53	53	0	0	54
Event Dispatch Begin	574	0	53	53	1	54	0
State Mutation Complete	574	0	53	53	0	0	54
Event Dispatch Begin	575	0	53	53	8	54	0
State Mutation Complete	575	0	53	53	0	0	54
Event Dispatch Begin	576	0	53	53	1	54	0
State Mutation Complete	576	0	53	53	0	0	54
Event Dispatch Begin	577	0	53	53	8	54	0
State Mutation Complete	577	0	53	53	0	0	54
Atlas Publication Begin	578	55	54	54	66	0	0
Atlas Publication Complete	578	55	54	54	2	5632	1
Event Dispatch Begin	578	0	53	53	5	54	0
Frame Build Begin	578	55	54	54	1148190720	1141309440	0
Frame Build Complete	578	55	54	54	71	66	0
Glyph Atlas Summary	578	55	54	54	65	1	70656
Layout Cache Summary	578	55	54	54	0	1	4256
State Mutation Complete	578	0	54	54	1	1	55
Text Summary	578	55	54	54	2	1	1
Visible Layout Begin	578	55	54	54	0	0	0
Visible Layout Complete	578	55	54	54	1	0	0
Event Dispatch Begin	579	0	54	54	8	55	0
State Mutation Complete	579	0	54	54	0	0	55
Event Dispatch Begin	580	0	54	54	1	55	0
State Mutation Complete	580	0	54	54	0	0	55
Event Dispatch Begin	581	0	54	54	8	55	0
State Mutation Complete	581	0	54	54	0	0	55
Event Dispatch Begin	582	0	54	54	1	55	0
State Mutation Complete	582	0	54	54	0	0	55
Event Dispatch Begin	583	0	54	54	8	55	0
State Mutation Complete	583	0	54	54	0	0	55
Event Dispatch Begin	584	0	54	54	1	55	0
State Mutation Complete	584	0	54	54	0	0	55
Event Dispatch Begin	585	0	54	54	8	55	0
State Mutation Complete	585	0	54	54	0	0	55
Event Dispatch Begin	586	0	54	54	1	55	0
State Mutation Complete	586	0	54	54	0	0	55
Event Dispatch Begin	587	0	54	54	8	55	0
State Mutation Complete	587	0	54	54	0	0	55
Atlas Publication Begin	588	56	55	55	67	0	0
Atlas Publication Complete	588	56	55	55	2	5888	1
Event Dispatch Begin	588	0	54	54	5	55	0
Frame Build Begin	588	56	55	55	1148190720	1141309440	0
Frame Build Complete	588	56	55	55	72	67	0
Glyph Atlas Summary	588	56	55	55	66	1	70656
Layout Cache Summary	588	56	55	55	0	1	4320
Native Actual Presentation Latency	588	0	0	0	48753708	0	0
Native Display Link Target Latency	588	0	0	0	15421167	0	0
Native Event Handler Latency	588	0	0	0	105250	0	0
Native Frame Queue Latency	588	0	0	0	7032916	0	0
Native GPU Terminal Observed Latency	588	0	0	0	23806000	0	0
Native Presentation Callback Lag	588	0	0	0	202625	0	0
Native Presented Handler Latency	588	0	0	0	48956875	0	0
Native Submission Latency	588	0	0	0	104334	0	0
Native Target Presentation Latency	588	0	0	0	48754417	0	0
Native Terminal Record Latency	588	0	0	0	32144500	0	0
State Mutation Complete	588	0	55	55	1	1	56
Text Summary	588	56	55	55	2	1	1
Visible Layout Begin	588	56	55	55	0	0	0
Visible Layout Complete	588	56	55	55	1	0	0
Event Dispatch Begin	589	0	55	55	8	56	0
State Mutation Complete	589	0	55	55	0	0	56
Event Dispatch Begin	590	0	55	55	1	56	0
State Mutation Complete	590	0	55	55	0	0	56
Event Dispatch Begin	591	0	55	55	8	56	0
State Mutation Complete	591	0	55	55	0	0	56
Event Dispatch Begin	592	0	55	55	1	56	0
State Mutation Complete	592	0	55	55	0	0	56
Event Dispatch Begin	593	0	55	55	8	56	0
State Mutation Complete	593	0	55	55	0	0	56
Event Dispatch Begin	594	0	55	55	1	56	0
State Mutation Complete	594	0	55	55	0	0	56
Event Dispatch Begin	595	0	55	55	8	56	0
State Mutation Complete	595	0	55	55	0	0	56
Event Dispatch Begin	596	0	55	55	1	56	0
State Mutation Complete	596	0	55	55	0	0	56
Event Dispatch Begin	597	0	55	55	8	56	0
State Mutation Complete	597	0	55	55	0	0	56
Event Dispatch Begin	598	0	55	55	1	56	0
State Mutation Complete	598	0	55	55	0	0	56
Event Dispatch Begin	599	0	55	55	8	56	0
State Mutation Complete	599	0	55	55	0	0	56
Event Dispatch Begin	600	0	55	55	8	56	0
State Mutation Complete	600	0	55	55	0	0	56
Event Dispatch Begin	601	0	55	55	8	56	0
State Mutation Complete	601	0	55	55	0	0	56
Event Dispatch Begin	602	0	55	55	8	56	0
State Mutation Complete	602	0	55	55	0	0	56
Event Dispatch Begin	603	0	55	55	8	56	0
State Mutation Complete	603	0	55	55	0	0	56
Event Dispatch Begin	604	0	55	55	8	56	0
State Mutation Complete	604	0	55	55	0	0	56
Event Dispatch Begin	605	0	55	55	8	56	0
State Mutation Complete	605	0	55	55	0	0	56
Event Dispatch Begin	606	0	55	55	8	56	0
State Mutation Complete	606	0	55	55	0	0	56
Event Dispatch Begin	607	0	55	55	8	56	0
State Mutation Complete	607	0	55	55	0	0	56
Event Dispatch Begin	608	0	55	55	8	56	0
State Mutation Complete	608	0	55	55	0	0	56
Event Dispatch Begin	609	0	55	55	8	56	0
State Mutation Complete	609	0	55	55	0	0	56
Event Dispatch Begin	610	0	55	55	8	56	0
State Mutation Complete	610	0	55	55	0	0	56
Event Dispatch Begin	611	0	55	55	8	56	0
State Mutation Complete	611	0	55	55	0	0	56
Event Dispatch Begin	612	0	55	55	8	56	0
State Mutation Complete	612	0	55	55	0	0	56
Event Dispatch Begin	613	0	55	55	8	56	0
State Mutation Complete	613	0	55	55	0	0	56
Event Dispatch Begin	614	0	55	55	8	56	0
State Mutation Complete	614	0	55	55	0	0	56
Event Dispatch Begin	615	0	55	55	8	56	0
State Mutation Complete	615	0	55	55	0	0	56
Event Dispatch Begin	616	0	55	55	8	56	0
State Mutation Complete	616	0	55	55	0	0	56
Event Dispatch Begin	617	0	55	55	8	56	0
State Mutation Complete	617	0	55	55	0	0	56
Event Dispatch Begin	618	0	55	55	8	56	0
State Mutation Complete	618	0	55	55	0	0	56
Event Dispatch Begin	619	0	55	55	8	56	0
State Mutation Complete	619	0	55	55	0	0	56
Event Dispatch Begin	620	0	55	55	8	56	0
State Mutation Complete	620	0	55	55	0	0	56
Event Dispatch Begin	621	0	55	55	8	56	0
State Mutation Complete	621	0	55	55	0	0	56
Event Dispatch Begin	622	0	55	55	8	56	0
State Mutation Complete	622	0	55	55	0	0	56
Event Dispatch Begin	623	0	55	55	8	56	0
State Mutation Complete	623	0	55	55	0	0	56
Event Dispatch Begin	624	0	55	55	8	56	0
State Mutation Complete	624	0	55	55	0	0	56
Event Dispatch Begin	625	0	55	55	8	56	0
State Mutation Complete	625	0	55	55	0	0	56
Event Dispatch Begin	626	0	55	55	8	56	0
State Mutation Complete	626	0	55	55	0	0	56
Event Dispatch Begin	627	0	55	55	8	56	0
State Mutation Complete	627	0	55	55	0	0	56
Event Dispatch Begin	628	0	55	55	8	56	0
State Mutation Complete	628	0	55	55	0	0	56
Event Dispatch Begin	629	0	55	55	8	56	0
State Mutation Complete	629	0	55	55	0	0	56
Event Dispatch Begin	630	0	55	55	8	56	0
State Mutation Complete	630	0	55	55	0	0	56
Event Dispatch Begin	631	0	55	55	8	56	0
State Mutation Complete	631	0	55	55	0	0	56
Event Dispatch Begin	632	0	55	55	8	56	0
State Mutation Complete	632	0	55	55	0	0	56
Event Dispatch Begin	633	0	55	55	8	56	0
State Mutation Complete	633	0	55	55	0	0	56
Event Dispatch Begin	634	0	55	55	8	56	0
State Mutation Complete	634	0	55	55	0	0	56
Event Dispatch Begin	635	0	55	55	8	56	0
State Mutation Complete	635	0	55	55	0	0	56
Event Dispatch Begin	636	0	55	55	8	56	0
State Mutation Complete	636	0	55	55	0	0	56
Event Dispatch Begin	637	0	55	55	10	56	0
State Mutation Complete	637	0	55	55	0	0	56
