metric	event	duration_ns
atlas_publication	0	19958
atlas_publication	2	7291
atlas_publication	30	6291
atlas_publication	73	708
atlas_publication	75	541
atlas_publication	81	541
atlas_publication	89	333
atlas_publication	99	375
atlas_publication	109	208
atlas_publication	119	375
atlas_publication	129	250
atlas_publication	139	250
atlas_publication	149	250
atlas_publication	159	666
atlas_publication	169	208
atlas_publication	179	333
atlas_publication	189	18333
atlas_publication	199	27750
atlas_publication	209	291
atlas_publication	219	625
atlas_publication	229	583
atlas_publication	239	500
atlas_publication	249	583
atlas_publication	259	291
atlas_publication	269	4916
atlas_publication	279	583
atlas_publication	289	11708
atlas_publication	299	6000
atlas_publication	309	541
atlas_publication	317	708
atlas_publication	327	291
atlas_publication	337	208
atlas_publication	347	291
atlas_publication	357	208
atlas_publication	367	333
atlas_publication	377	208
atlas_publication	387	333
atlas_publication	397	291
atlas_publication	407	625
atlas_publication	417	11833
atlas_publication	427	6041
atlas_publication	437	666
atlas_publication	447	208
atlas_publication	457	708
atlas_publication	467	333
atlas_publication	477	416
atlas_publication	487	6208
atlas_publication	497	791
atlas_publication	507	833
atlas_publication	517	250
atlas_publication	527	375
atlas_publication	537	416
atlas_publication	547	32750
atlas_publication	557	24875
atlas_publication	567	458
atlas_publication	577	10333
atlas_publication	587	23125
atlas_publication	597	5333
atlas_publication	607	708
atlas_publication	617	8208
atlas_publication	627	375
atlas_publication	637	10541
atlas_publication	647	13541
atlas_publication	657	10875
atlas_publication	667	7125
atlas_publication	677	18750
atlas_publication	685	541
atlas_publication	693	333
atlas_publication	701	291
atlas_publication	709	416
atlas_publication	717	666
atlas_publication	725	708
atlas_publication	733	583
atlas_publication	741	708
atlas_publication	749	708
atlas_publication	757	375
atlas_publication	765	750
atlas_publication	773	375
atlas_publication	781	791
atlas_publication	791	250
atlas_publication	801	8041
atlas_publication	811	291
atlas_publication	821	708
atlas_publication	831	666
atlas_publication	876	14666
atlas_publication	884	541
atlas_publication	894	64875
event_to_frame_complete	2	292208
event_to_frame_complete	30	145666
event_to_frame_complete	73	390041
event_to_frame_complete	75	297375
event_to_frame_complete	81	196125
event_to_frame_complete	89	202750
event_to_frame_complete	99	137875
event_to_frame_complete	109	140125
event_to_frame_complete	119	136833
event_to_frame_complete	129	156916
event_to_frame_complete	139	132291
event_to_frame_complete	149	146416
event_to_frame_complete	159	262208
event_to_frame_complete	169	231958
event_to_frame_complete	179	136000
event_to_frame_complete	189	370333
event_to_frame_complete	199	402375
event_to_frame_complete	209	177958
event_to_frame_complete	219	229541
event_to_frame_complete	229	231208
event_to_frame_complete	239	153791
event_to_frame_complete	249	360083
event_to_frame_complete	259	140250
event_to_frame_complete	269	326875
event_to_frame_complete	279	250250
event_to_frame_complete	289	391375
event_to_frame_complete	299	270708
event_to_frame_complete	309	291416
event_to_frame_complete	317	329625
event_to_frame_complete	327	162541
event_to_frame_complete	337	139583
event_to_frame_complete	347	105583
event_to_frame_complete	357	134958
event_to_frame_complete	367	126125
event_to_frame_complete	377	105500
event_to_frame_complete	387	152500
event_to_frame_complete	397	144625
event_to_frame_complete	407	117000
event_to_frame_complete	417	357666
event_to_frame_complete	427	293375
event_to_frame_complete	437	217583
event_to_frame_complete	447	165375
event_to_frame_complete	457	218250
event_to_frame_complete	467	176458
event_to_frame_complete	477	146416
event_to_frame_complete	487	204375
event_to_frame_complete	497	138291
event_to_frame_complete	507	214375
event_to_frame_complete	517	158833
event_to_frame_complete	527	104833
event_to_frame_complete	537	141291
event_to_frame_complete	547	364166
event_to_frame_complete	557	492708
event_to_frame_complete	567	192500
event_to_frame_complete	577	298958
event_to_frame_complete	587	356500
event_to_frame_complete	597	222291
event_to_frame_complete	607	336083
event_to_frame_complete	617	364000
event_to_frame_complete	627	207375
event_to_frame_complete	637	304875
event_to_frame_complete	647	233083
event_to_frame_complete	657	200166
event_to_frame_complete	667	360875
event_to_frame_complete	677	317666
event_to_frame_complete	685	341541
event_to_frame_complete	693	141000
event_to_frame_complete	701	136875
event_to_frame_complete	709	154541
event_to_frame_complete	717	302375
event_to_frame_complete	725	173833
event_to_frame_complete	733	287291
event_to_frame_complete	741	289833
event_to_frame_complete	749	329666
event_to_frame_complete	757	151291
event_to_frame_complete	765	282625
event_to_frame_complete	773	139583
event_to_frame_complete	781	316458
event_to_frame_complete	791	249291
event_to_frame_complete	801	117083
event_to_frame_complete	811	138625
event_to_frame_complete	821	304875
event_to_frame_complete	831	301583
event_to_frame_complete	876	692791
event_to_frame_complete	884	269125
event_to_frame_complete	894	13577875
frame_build	0	1653000
frame_build	2	273208
frame_build	30	130666
frame_build	73	369958
frame_build	75	261291
frame_build	81	179333
frame_build	89	166541
frame_build	99	124416
frame_build	109	127291
frame_build	119	123125
frame_build	129	140333
frame_build	139	119333
frame_build	149	131916
frame_build	159	239416
frame_build	169	195208
frame_build	179	122250
frame_build	189	357000
frame_build	199	388291
frame_build	209	150541
frame_build	219	212041
frame_build	229	206916
frame_build	239	140291
frame_build	249	327541
frame_build	259	126250
frame_build	269	303791
frame_build	279	223541
frame_build	289	374833
frame_build	299	253625
frame_build	309	267000
frame_build	317	295375
frame_build	327	141625
frame_build	337	127666
frame_build	347	98583
frame_build	357	124666
frame_build	367	117250
frame_build	377	99041
frame_build	387	140083
frame_build	397	135208
frame_build	407	81666
frame_build	417	340125
frame_build	427	280583
frame_build	437	196750
frame_build	447	153166
frame_build	457	204500
frame_build	467	155166
frame_build	477	136083
frame_build	487	181541
frame_build	497	129291
frame_build	507	200708
frame_build	517	146541
frame_build	527	97458
frame_build	537	132250
frame_build	547	333416
frame_build	557	471250
frame_build	567	181166
frame_build	577	281291
frame_build	587	337375
frame_build	597	210291
frame_build	607	315916
frame_build	617	342041
frame_build	627	185666
frame_build	637	295708
frame_build	647	214291
frame_build	657	191375
frame_build	667	346833
frame_build	677	303083
frame_build	685	296791
frame_build	693	123625
frame_build	701	120625
frame_build	709	133250
frame_build	717	270166
frame_build	725	155500
frame_build	733	254625
frame_build	741	257666
frame_build	749	296666
frame_build	757	135375
frame_build	765	250666
frame_build	773	123791
frame_build	781	268541
frame_build	791	224250
frame_build	801	110208
frame_build	811	129750
frame_build	821	288250
frame_build	831	248333
frame_build	876	639416
frame_build	884	219333
frame_build	894	13555416
native_actual_presentation	75	44471083
native_actual_presentation	89	59381083
native_actual_presentation	99	62497208
native_actual_presentation	109	45977500
native_actual_presentation	119	49229208
native_actual_presentation	129	43290250
native_actual_presentation	139	45978458
native_actual_presentation	149	41726250
native_actual_presentation	159	45912542
native_actual_presentation	169	45880083
native_actual_presentation	179	42463250
native_actual_presentation	189	49357000
native_actual_presentation	199	41840292
native_actual_presentation	209	44167333
native_actual_presentation	219	44000042
native_actual_presentation	229	43347250
native_actual_presentation	239	54144125
native_actual_presentation	249	45690500
native_actual_presentation	259	42651750
native_actual_presentation	269	42541875
native_actual_presentation	279	45860250
native_actual_presentation	289	41872333
native_actual_presentation	299	44183625
native_actual_presentation	309	43242208
native_actual_presentation	317	42678958
native_actual_presentation	327	50096583
native_actual_presentation	357	45940083
native_actual_presentation	407	45282917
native_actual_presentation	437	45323250
native_actual_presentation	467	45680542
native_actual_presentation	507	45570750
native_actual_presentation	547	45658625
native_actual_presentation	587	45029750
native_actual_presentation	617	44750208
native_actual_presentation	647	45846333
native_actual_presentation	685	42667833
native_actual_presentation	701	45802500
native_actual_presentation	725	44494000
native_actual_presentation	741	45700250
native_actual_presentation	757	45648500
native_actual_presentation	773	45750083
native_actual_presentation	801	45127500
native_actual_presentation	831	44895083
native_actual_presentation	894	73196792
native_display_link_target	2	68940583
native_display_link_target	30	15316833
native_display_link_target	73	19507542
native_display_link_target	75	11137917
native_display_link_target	81	20370083
native_display_link_target	89	17714667
native_display_link_target	99	20830875
native_display_link_target	109	12644583
native_display_link_target	119	15896000
native_display_link_target	129	9957167
native_display_link_target	139	12645208
native_display_link_target	149	8393125
native_display_link_target	159	12579583
native_display_link_target	169	12546875
native_display_link_target	179	9130167
native_display_link_target	189	16023833
native_display_link_target	199	8507208
native_display_link_target	209	10834333
native_display_link_target	219	10667250
native_display_link_target	229	10014625
native_display_link_target	239	12477583
native_display_link_target	249	12357417
native_display_link_target	259	9318792
native_display_link_target	269	9209042
native_display_link_target	279	12527042
native_display_link_target	289	8539292
native_display_link_target	299	10850667
native_display_link_target	309	9909375
native_display_link_target	317	9346292
native_display_link_target	327	16763958
native_display_link_target	357	12607458
native_display_link_target	407	11950417
native_display_link_target	437	11990750
native_display_link_target	467	12348125
native_display_link_target	507	12238333
native_display_link_target	547	12326208
native_display_link_target	587	11697458
native_display_link_target	617	11417958
native_display_link_target	647	12514125
native_display_link_target	685	9335667
native_display_link_target	701	12470417
native_display_link_target	725	11161958
native_display_link_target	741	12368250
native_display_link_target	757	12316500
native_display_link_target	773	12418167
native_display_link_target	801	11795667
native_display_link_target	831	11563250
native_display_link_target	884	7729500
native_display_link_target	894	35697000
native_event_handler	2	299333
native_event_handler	30	149917
native_event_handler	73	396166
native_event_handler	75	338875
native_event_handler	81	200958
native_event_handler	89	207000
native_event_handler	99	138833
native_event_handler	109	140792
native_event_handler	119	137792
native_event_handler	129	157833
native_event_handler	139	132875
native_event_handler	149	147417
native_event_handler	159	263833
native_event_handler	169	233625
native_event_handler	179	136666
native_event_handler	189	371250
native_event_handler	199	403917
native_event_handler	209	179250
native_event_handler	219	230792
native_event_handler	229	232292
native_event_handler	239	154500
native_event_handler	249	362416
native_event_handler	259	141417
native_event_handler	269	328500
native_event_handler	279	251875
native_event_handler	289	392375
native_event_handler	299	287500
native_event_handler	309	292958
native_event_handler	317	332041
native_event_handler	327	163167
native_event_handler	357	135834
native_event_handler	407	117500
native_event_handler	437	219167
native_event_handler	467	177166
native_event_handler	507	215042
native_event_handler	547	365334
native_event_handler	587	357834
native_event_handler	617	365208
native_event_handler	647	233708
native_event_handler	685	345750
native_event_handler	701	138000
native_event_handler	725	175125
native_event_handler	741	291875
native_event_handler	757	152625
native_event_handler	773	140917
native_event_handler	801	117666
native_event_handler	831	303000
native_event_handler	884	273833
native_event_handler	894	13582584
native_frame_queue	2	60864792
native_frame_queue	30	6955542
native_frame_queue	73	10907667
native_frame_queue	75	2546709
native_frame_queue	81	11916334
native_frame_queue	89	9309750
native_frame_queue	99	12571667
native_frame_queue	109	4288125
native_frame_queue	119	7608666
native_frame_queue	129	1605583
native_frame_queue	139	4321542
native_frame_queue	149	186125
native_frame_queue	159	4125917
native_frame_queue	169	4135208
native_frame_queue	179	772542
native_frame_queue	189	7456458
native_frame_queue	199	992583
native_frame_queue	209	2384125
native_frame_queue	219	2240292
native_frame_queue	229	1524666
native_frame_queue	239	4087041
native_frame_queue	249	3774709
native_frame_queue	259	971792
native_frame_queue	269	687750
native_frame_queue	279	4096000
native_frame_queue	289	274750
native_frame_queue	299	2304042
native_frame_queue	309	1345584
native_frame_queue	317	1044375
native_frame_queue	327	8393834
native_frame_queue	357	4268709
native_frame_queue	407	3593875
native_frame_queue	437	3540000
native_frame_queue	467	3919667
native_frame_queue	507	3790209
native_frame_queue	547	3737125
native_frame_queue	587	3101542
native_frame_queue	617	2818208
native_frame_queue	647	4005541
native_frame_queue	685	792625
native_frame_queue	701	4174542
native_frame_queue	725	2741500
native_frame_queue	741	3852125
native_frame_queue	757	3948458
native_frame_queue	773	4037292
native_frame_queue	801	3489750
native_frame_queue	831	3089333
native_frame_queue	884	360000
native_frame_queue	894	13862541
native_gpu_terminal_observed	2	77319375
native_gpu_terminal_observed	30	16935000
native_gpu_terminal_observed	73	27944416
native_gpu_terminal_observed	75	11407625
native_gpu_terminal_observed	81	23705625
native_gpu_terminal_observed	89	17824083
native_gpu_terminal_observed	99	20931750
native_gpu_terminal_observed	109	12790458
native_gpu_terminal_observed	119	16057875
native_gpu_terminal_observed	129	10082292
native_gpu_terminal_observed	139	12794417
native_gpu_terminal_observed	149	8474542
native_gpu_terminal_observed	159	12670666
native_gpu_terminal_observed	169	12697917
native_gpu_terminal_observed	179	9266750
native_gpu_terminal_observed	189	24437500
native_gpu_terminal_observed	199	8636500
native_gpu_terminal_observed	209	10978750
native_gpu_terminal_observed	219	10811209
native_gpu_terminal_observed	229	10143459
native_gpu_terminal_observed	239	12708292
native_gpu_terminal_observed	249	12490000
native_gpu_terminal_observed	259	9464917
native_gpu_terminal_observed	269	9312792
native_gpu_terminal_observed	279	12701750
native_gpu_terminal_observed	289	8733291
native_gpu_terminal_observed	299	10934666
native_gpu_terminal_observed	309	10081208
native_gpu_terminal_observed	317	9660750
native_gpu_terminal_observed	327	16914750
native_gpu_terminal_observed	357	12758500
native_gpu_terminal_observed	407	12042375
native_gpu_terminal_observed	437	12105500
native_gpu_terminal_observed	467	12423791
native_gpu_terminal_observed	507	12304083
native_gpu_terminal_observed	547	12391667
native_gpu_terminal_observed	587	11762209
native_gpu_terminal_observed	617	11488875
native_gpu_terminal_observed	647	12611417
native_gpu_terminal_observed	685	9548625
native_gpu_terminal_observed	701	12621666
native_gpu_terminal_observed	725	11338584
native_gpu_terminal_observed	741	12519833
native_gpu_terminal_observed	757	12483042
native_gpu_terminal_observed	773	12505958
native_gpu_terminal_observed	801	11894708
native_gpu_terminal_observed	831	11630042
native_gpu_terminal_observed	884	44470708
native_gpu_terminal_observed	894	35794959
native_presentation_callback_lag	75	284167
native_presentation_callback_lag	89	335625
native_presentation_callback_lag	99	290250
native_presentation_callback_lag	109	292792
native_presentation_callback_lag	119	234375
native_presentation_callback_lag	129	197000
native_presentation_callback_lag	139	203000
native_presentation_callback_lag	149	273667
native_presentation_callback_lag	159	258583
native_presentation_callback_lag	169	228875
native_presentation_callback_lag	179	231417
native_presentation_callback_lag	189	317042
native_presentation_callback_lag	199	236000
native_presentation_callback_lag	209	216292
native_presentation_callback_lag	219	273042
native_presentation_callback_lag	229	273167
native_presentation_callback_lag	239	325083
native_presentation_callback_lag	249	274375
native_presentation_callback_lag	259	238708
native_presentation_callback_lag	269	268792
native_presentation_callback_lag	279	246625
native_presentation_callback_lag	289	241125
native_presentation_callback_lag	299	275542
native_presentation_callback_lag	309	216958
native_presentation_callback_lag	317	282750
native_presentation_callback_lag	327	231708
native_presentation_callback_lag	357	197042
native_presentation_callback_lag	407	182125
native_presentation_callback_lag	437	180208
native_presentation_callback_lag	467	186583
native_presentation_callback_lag	507	185917
native_presentation_callback_lag	547	189917
native_presentation_callback_lag	587	201208
native_presentation_callback_lag	617	263542
native_presentation_callback_lag	647	246208
native_presentation_callback_lag	685	213125
native_presentation_callback_lag	701	235750
native_presentation_callback_lag	725	228917
native_presentation_callback_lag	741	218375
native_presentation_callback_lag	757	227292
native_presentation_callback_lag	773	189167
native_presentation_callback_lag	801	282250
native_presentation_callback_lag	831	228750
native_presentation_callback_lag	894	283542
native_presented_handler	2	68976292
native_presented_handler	30	15374167
native_presented_handler	73	36300750
native_presented_handler	75	44754958
native_presented_handler	81	37325458
native_presented_handler	89	59716792
native_presented_handler	99	62787667
native_presented_handler	109	46271000
native_presented_handler	119	49464042
native_presented_handler	129	43487542
native_presented_handler	139	46181375
native_presented_handler	149	42000209
native_presented_handler	159	46171666
native_presented_handler	169	46109083
native_presented_handler	179	42695166
native_presented_handler	189	49674292
native_presented_handler	199	42076917
native_presented_handler	209	44383958
native_presented_handler	219	44274125
native_presented_handler	229	43621959
native_presented_handler	239	54469542
native_presented_handler	249	45965041
native_presented_handler	259	42890958
native_presented_handler	269	42811334
native_presented_handler	279	46106834
native_presented_handler	289	42114166
native_presented_handler	299	44459500
native_presented_handler	309	43459542
native_presented_handler	317	42962041
native_presented_handler	327	50328458
native_presented_handler	357	46137292
native_presented_handler	407	45465208
native_presented_handler	437	45503542
native_presented_handler	467	45867333
native_presented_handler	507	45756667
native_presented_handler	547	45848459
native_presented_handler	587	45230917
native_presented_handler	617	45014083
native_presented_handler	647	46092958
native_presented_handler	685	42880917
native_presented_handler	701	46038416
native_presented_handler	725	44723167
native_presented_handler	741	45918625
native_presented_handler	757	45876292
native_presented_handler	773	45939292
native_presented_handler	801	45410541
native_presented_handler	831	45124125
native_presented_handler	884	44480833
native_presented_handler	894	73480625
native_submission	2	721500
native_submission	30	191583
native_submission	73	444083
native_submission	75	220833
native_submission	81	103291
native_submission	89	144125
native_submission	99	167583
native_submission	109	194375
native_submission	119	201750
native_submission	129	137375
native_submission	139	178541
native_submission	149	194416
native_submission	159	204667
native_submission	169	210333
native_submission	179	239708
native_submission	189	285958
native_submission	199	208667
native_submission	209	131083
native_submission	219	186333
native_submission	229	142667
native_submission	239	157125
native_submission	249	175166
native_submission	259	200833
native_submission	269	286250
native_submission	279	229125
native_submission	289	172834
native_submission	299	158291
native_submission	309	114208
native_submission	317	214958
native_submission	327	188333
native_submission	357	191500
native_submission	407	196625
native_submission	437	258375
native_submission	467	168083
native_submission	507	207166
native_submission	547	215167
native_submission	587	251000
native_submission	617	244292
native_submission	647	149375
native_submission	685	245500
native_submission	701	189458
native_submission	725	165292
native_submission	741	163916
native_submission	757	152750
native_submission	773	205333
native_submission	801	176042
native_submission	831	222083
native_submission	884	478625
native_submission	894	317084
native_target_presentation	2	102273833
native_target_presentation	30	48650083
native_target_presentation	73	52840792
native_target_presentation	75	44471167
native_target_presentation	81	53703333
native_target_presentation	89	51047917
native_target_presentation	99	54164125
native_target_presentation	109	45977833
native_target_presentation	119	49229250
native_target_presentation	129	43290417
native_target_presentation	139	45978458
native_target_presentation	149	41726375
native_target_presentation	159	45912833
native_target_presentation	169	45880125
native_target_presentation	179	42463417
native_target_presentation	189	49357083
native_target_presentation	199	41840458
native_target_presentation	209	44167583
native_target_presentation	219	44000500
native_target_presentation	229	43347875
native_target_presentation	239	45810833
native_target_presentation	249	45690667
native_target_presentation	259	42652042
native_target_presentation	269	42542292
native_target_presentation	279	45860292
native_target_presentation	289	41872542
native_target_presentation	299	44183917
native_target_presentation	309	43242625
native_target_presentation	317	42679542
native_target_presentation	327	50097208
native_target_presentation	357	45940708
native_target_presentation	407	45283667
native_target_presentation	437	45324000
native_target_presentation	467	45681375
native_target_presentation	507	45571583
native_target_presentation	547	45659458
native_target_presentation	587	45030708
native_target_presentation	617	44751208
native_target_presentation	647	45847375
native_target_presentation	685	42668917
native_target_presentation	701	45803667
native_target_presentation	725	44495208
native_target_presentation	741	45701500
native_target_presentation	757	45649750
native_target_presentation	773	45751417
native_target_presentation	801	45128917
native_target_presentation	831	44896500
native_target_presentation	884	41062750
native_target_presentation	894	69030250
native_terminal_record	2	77320083
native_terminal_record	30	16937167
native_terminal_record	73	36288541
native_terminal_record	75	11409625
native_terminal_record	81	23706875
native_terminal_record	89	17825417
native_terminal_record	99	29349083
native_terminal_record	109	21096625
native_terminal_record	119	24404459
native_terminal_record	129	18376250
native_terminal_record	139	21078709
native_terminal_record	149	16849334
native_terminal_record	159	20998833
native_terminal_record	169	21035917
native_terminal_record	179	17545916
native_terminal_record	189	32838083
native_terminal_record	199	16920625
native_terminal_record	209	19309417
native_terminal_record	219	19103417
native_terminal_record	229	18578334
native_terminal_record	239	21066250
native_terminal_record	249	20838375
native_terminal_record	259	17721333
native_terminal_record	269	17673042
native_terminal_record	279	21025625
native_terminal_record	289	16949750
native_terminal_record	299	19313791
native_terminal_record	309	18340125
native_terminal_record	317	9661708
native_terminal_record	327	16917625
native_terminal_record	357	12762834
native_terminal_record	407	12045000
native_terminal_record	437	12106833
native_terminal_record	467	12424875
native_terminal_record	507	12305167
native_terminal_record	547	12392917
native_terminal_record	587	11763375
native_terminal_record	617	11490917
native_terminal_record	647	12612792
native_terminal_record	685	17788542
native_terminal_record	701	12624125
native_terminal_record	725	19610000
native_terminal_record	741	12521666
native_terminal_record	757	12484959
native_terminal_record	773	12507833
native_terminal_record	801	11896375
native_terminal_record	831	20051167
native_terminal_record	884	44471875
native_terminal_record	894	44141250
state_mutation	2	18583
state_mutation	3	23250
state_mutation	4	3666
state_mutation	5	8583
state_mutation	6	7875
state_mutation	7	6291
state_mutation	8	7541
state_mutation	9	6541
state_mutation	10	8500
state_mutation	11	5833
state_mutation	12	5083
state_mutation	13	10458
state_mutation	14	9500
state_mutation	15	10750
state_mutation	16	8291
state_mutation	17	11666
state_mutation	18	8750
state_mutation	19	6625
state_mutation	20	11375
state_mutation	21	8125
state_mutation	22	7416
state_mutation	23	8541
state_mutation	24	7791
state_mutation	25	9125
state_mutation	26	5291
state_mutation	27	10250
state_mutation	28	5625
state_mutation	29	6166
state_mutation	30	13833
state_mutation	31	23666
state_mutation	32	63125
state_mutation	33	7250
state_mutation	34	11208
state_mutation	35	2166
state_mutation	36	10375
state_mutation	37	1958
state_mutation	38	7291
state_mutation	39	3791
state_mutation	40	2166
state_mutation	41	1583
state_mutation	42	1375
state_mutation	43	1291
state_mutation	44	1250
state_mutation	45	1333
state_mutation	46	1333
state_mutation	47	1250
state_mutation	48	1208
state_mutation	49	1250
state_mutation	50	1208
state_mutation	51	1250
state_mutation	52	1208
state_mutation	53	1291
state_mutation	54	1250
state_mutation	55	1250
state_mutation	56	1333
state_mutation	57	1250
state_mutation	58	1250
state_mutation	59	1250
state_mutation	60	1291
state_mutation	61	1250
state_mutation	62	1291
state_mutation	63	1250
state_mutation	64	1375
state_mutation	65	1250
state_mutation	66	1375
state_mutation	67	13583
state_mutation	68	2083
state_mutation	69	1916
state_mutation	70	18666
state_mutation	71	14750
state_mutation	72	14500
state_mutation	73	16625
state_mutation	74	15458
state_mutation	75	35291
state_mutation	76	9250
state_mutation	77	7625
state_mutation	78	7333
state_mutation	79	11916
state_mutation	80	12166
state_mutation	81	16083
state_mutation	82	7166
state_mutation	83	7041
state_mutation	84	7416
state_mutation	85	4500
state_mutation	86	6000
state_mutation	87	25500
state_mutation	88	28166
state_mutation	89	35250
state_mutation	90	9750
state_mutation	91	13000
state_mutation	92	10708
state_mutation	93	4250
state_mutation	94	5833
state_mutation	95	12500
state_mutation	96	11541
state_mutation	97	4416
state_mutation	98	5666
state_mutation	99	12791
state_mutation	100	3708
state_mutation	101	3250
state_mutation	102	3666
state_mutation	103	1875
state_mutation	104	3083
state_mutation	105	13250
state_mutation	106	11916
state_mutation	107	10750
state_mutation	108	9291
state_mutation	109	12208
state_mutation	110	4291
state_mutation	111	2583
state_mutation	112	3125
state_mutation	113	2041
state_mutation	114	2833
state_mutation	115	11416
state_mutation	116	19250
state_mutation	117	6083
state_mutation	118	5166
state_mutation	119	13000
state_mutation	120	3541
state_mutation	121	17458
state_mutation	122	13333
state_mutation	123	3166
state_mutation	124	3958
state_mutation	125	11625
state_mutation	126	11291
state_mutation	127	14916
state_mutation	128	5958
state_mutation	129	15833
state_mutation	130	5000
state_mutation	131	4416
state_mutation	132	3375
state_mutation	133	15708
state_mutation	134	16916
state_mutation	135	15000
state_mutation	136	15916
state_mutation	137	9583
state_mutation	138	8000
state_mutation	139	12500
state_mutation	140	4875
state_mutation	141	4291
state_mutation	142	7333
state_mutation	143	2458
state_mutation	144	2916
state_mutation	145	10583
state_mutation	146	10541
state_mutation	147	5291
state_mutation	148	5291
state_mutation	149	13916
state_mutation	150	14875
state_mutation	151	12166
state_mutation	152	13125
state_mutation	153	7083
state_mutation	154	9166
state_mutation	155	17583
state_mutation	156	17833
state_mutation	157	13541
state_mutation	158	14958
state_mutation	159	21791
state_mutation	160	9791
state_mutation	161	13000
state_mutation	162	14750
state_mutation	163	7375
state_mutation	164	9625
state_mutation	165	13833
state_mutation	166	12708
state_mutation	167	13333
state_mutation	168	14375
state_mutation	169	35791
state_mutation	170	5083
state_mutation	171	12125
state_mutation	172	5083
state_mutation	173	2333
state_mutation	174	3291
state_mutation	175	11916
state_mutation	176	10500
state_mutation	177	5000
state_mutation	178	5333
state_mutation	179	13208
state_mutation	180	3666
state_mutation	181	2625
state_mutation	182	18250
state_mutation	183	2208
state_mutation	184	3041
state_mutation	185	10958
state_mutation	186	11958
state_mutation	187	4416
state_mutation	188	6166
state_mutation	189	12833
state_mutation	190	7750
state_mutation	191	7375
state_mutation	192	5000
state_mutation	193	10125
state_mutation	194	10125
state_mutation	195	10875
state_mutation	196	9833
state_mutation	197	9416
state_mutation	198	9291
state_mutation	199	13416
state_mutation	200	14708
state_mutation	201	10750
state_mutation	202	11541
state_mutation	203	10666
state_mutation	204	16125
state_mutation	205	15166
state_mutation	206	17500
state_mutation	207	17500
state_mutation	208	13583
state_mutation	209	17083
state_mutation	210	6000
state_mutation	211	6833
state_mutation	212	5666
state_mutation	213	3166
state_mutation	214	3833
state_mutation	215	14208
state_mutation	216	15000
state_mutation	217	6000
state_mutation	218	16375
state_mutation	219	16833
state_mutation	220	10166
state_mutation	221	7125
state_mutation	222	9000
state_mutation	223	14333
state_mutation	224	15833
state_mutation	225	13166
state_mutation	226	12458
state_mutation	227	9250
state_mutation	228	7458
state_mutation	229	23458
state_mutation	230	8166
state_mutation	231	11916
state_mutation	232	8416
state_mutation	233	3041
state_mutation	234	4125
state_mutation	235	23333
state_mutation	236	13833
state_mutation	237	5375
state_mutation	238	7166
state_mutation	239	12875
state_mutation	240	4791
state_mutation	241	6208
state_mutation	242	6708
state_mutation	243	2958
state_mutation	244	5083
state_mutation	245	10458
state_mutation	246	20541
state_mutation	247	23791
state_mutation	248	20166
state_mutation	249	31458
state_mutation	250	10875
state_mutation	251	5250
state_mutation	252	7166
state_mutation	253	3083
state_mutation	254	4916
state_mutation	255	11958
state_mutation	256	13916
state_mutation	257	7208
state_mutation	258	6250
state_mutation	259	13083
state_mutation	260	3750
state_mutation	261	13958
state_mutation	262	15083
state_mutation	263	5000
state_mutation	264	5750
state_mutation	265	18041
state_mutation	266	19583
state_mutation	267	9958
state_mutation	268	13958
state_mutation	269	22250
state_mutation	270	5791
state_mutation	271	6500
state_mutation	272	5041
state_mutation	273	13375
state_mutation	274	30041
state_mutation	275	12500
state_mutation	276	12416
state_mutation	277	14375
state_mutation	278	15583
state_mutation	279	25875
state_mutation	280	9916
state_mutation	281	5875
state_mutation	282	8250
state_mutation	283	5416
state_mutation	284	8041
state_mutation	285	12541
state_mutation	286	12208
state_mutation	287	6375
state_mutation	288	7416
state_mutation	289	15791
state_mutation	290	3958
state_mutation	291	11416
state_mutation	292	4166
state_mutation	293	12625
state_mutation	294	13708
state_mutation	295	18916
state_mutation	296	14375
state_mutation	297	5750
state_mutation	298	6833
state_mutation	299	16541
state_mutation	300	7625
state_mutation	301	15958
state_mutation	302	9750
state_mutation	303	24500
state_mutation	304	22541
state_mutation	305	11958
state_mutation	306	12666
state_mutation	307	10125
state_mutation	308	11458
state_mutation	309	23541
state_mutation	310	10750
state_mutation	311	14125
state_mutation	312	17458
state_mutation	313	13083
state_mutation	314	16583
state_mutation	315	18666
state_mutation	316	19041
state_mutation	317	33083
state_mutation	318	13875
state_mutation	319	9375
state_mutation	320	11583
state_mutation	321	5958
state_mutation	322	9625
state_mutation	323	17750
state_mutation	324	15750
state_mutation	325	7791
state_mutation	326	7958
state_mutation	327	20333
state_mutation	328	3875
state_mutation	329	3166
state_mutation	330	13083
state_mutation	331	10833
state_mutation	332	9125
state_mutation	333	2833
state_mutation	334	4791
state_mutation	335	15208
state_mutation	336	17833
state_mutation	337	11416
state_mutation	338	5250
state_mutation	339	4083
state_mutation	340	4166
state_mutation	341	10666
state_mutation	342	3416
state_mutation	343	1791
state_mutation	344	3333
state_mutation	345	2125
state_mutation	346	3250
state_mutation	347	6583
state_mutation	348	3458
state_mutation	349	2083
state_mutation	350	3458
state_mutation	351	4250
state_mutation	352	9000
state_mutation	353	4375
state_mutation	354	8541
state_mutation	355	10916
state_mutation	356	10458
state_mutation	357	9750
state_mutation	358	4541
state_mutation	359	9500
state_mutation	360	10583
state_mutation	361	2916
state_mutation	362	4875
state_mutation	363	1750
state_mutation	364	3583
state_mutation	365	2875
state_mutation	366	3583
state_mutation	367	8416
state_mutation	368	3666
state_mutation	369	1958
state_mutation	370	3583
state_mutation	371	1708
state_mutation	372	3583
state_mutation	373	1708
state_mutation	374	3458
state_mutation	375	1958
state_mutation	376	3500
state_mutation	377	6041
state_mutation	378	3583
state_mutation	379	1791
state_mutation	380	3583
state_mutation	381	4416
state_mutation	382	9250
state_mutation	383	4208
state_mutation	384	9125
state_mutation	385	4625
state_mutation	386	9041
state_mutation	387	11958
state_mutation	388	13375
state_mutation	389	9958
state_mutation	390	10833
state_mutation	391	4583
state_mutation	392	6083
state_mutation	393	2541
state_mutation	394	4208
state_mutation	395	2958
state_mutation	396	3916
state_mutation	397	8833
state_mutation	398	4166
state_mutation	399	2041
state_mutation	400	4000
state_mutation	401	1750
state_mutation	402	3916
state_mutation	403	1708
state_mutation	404	3791
state_mutation	405	2000
state_mutation	406	8000
state_mutation	407	35000
state_mutation	408	3666
state_mutation	409	2458
state_mutation	410	9416
state_mutation	411	16708
state_mutation	412	20125
state_mutation	413	9958
state_mutation	414	31833
state_mutation	415	7041
state_mutation	416	9333
state_mutation	417	16541
state_mutation	418	4791
state_mutation	419	3875
state_mutation	420	4125
state_mutation	421	2666
state_mutation	422	4166
state_mutation	423	2166
state_mutation	424	5041
state_mutation	425	6208
state_mutation	426	4708
state_mutation	427	12083
state_mutation	428	8875
state_mutation	429	11791
state_mutation	430	15125
state_mutation	431	8166
state_mutation	432	26500
state_mutation	433	5666
state_mutation	434	9958
state_mutation	435	7083
state_mutation	436	8958
state_mutation	437	19958
state_mutation	438	4625
state_mutation	439	9125
state_mutation	440	8500
state_mutation	441	9500
state_mutation	442	8333
state_mutation	443	6708
state_mutation	444	8833
state_mutation	445	10000
state_mutation	446	12000
state_mutation	447	11666
state_mutation	448	5083
state_mutation	449	2458
state_mutation	450	3416
state_mutation	451	4625
state_mutation	452	8375
state_mutation	453	4416
state_mutation	454	8208
state_mutation	455	4916
state_mutation	456	8250
state_mutation	457	13250
state_mutation	458	8708
state_mutation	459	2541
state_mutation	460	3458
state_mutation	461	2166
state_mutation	462	3291
state_mutation	463	14208
state_mutation	464	16083
state_mutation	465	9041
state_mutation	466	6958
state_mutation	467	11541
state_mutation	468	4416
state_mutation	469	6250
state_mutation	470	6083
state_mutation	471	3708
state_mutation	472	3791
state_mutation	473	1750
state_mutation	474	3333
state_mutation	475	11375
state_mutation	476	10208
state_mutation	477	9791
state_mutation	478	5750
state_mutation	479	5083
state_mutation	480	4333
state_mutation	481	1958
state_mutation	482	3583
state_mutation	483	1875
state_mutation	484	3375
state_mutation	485	2416
state_mutation	486	3375
state_mutation	487	22458
state_mutation	488	9041
state_mutation	489	4708
state_mutation	490	22000
state_mutation	491	4875
state_mutation	492	9125
state_mutation	493	2041
state_mutation	494	3708
state_mutation	495	2250
state_mutation	496	3375
state_mutation	497	8333
state_mutation	498	6750
state_mutation	499	11000
state_mutation	500	10958
state_mutation	501	4041
state_mutation	502	5916
state_mutation	503	2125
state_mutation	504	4208
state_mutation	505	3625
state_mutation	506	3541
state_mutation	507	13083
state_mutation	508	4583
state_mutation	509	6666
state_mutation	510	4083
state_mutation	511	3875
state_mutation	512	19541
state_mutation	513	1875
state_mutation	514	3625
state_mutation	515	12833
state_mutation	516	12500
state_mutation	517	11791
state_mutation	518	6541
state_mutation	519	3958
state_mutation	520	4458
state_mutation	521	2000
state_mutation	522	3708
state_mutation	523	1750
state_mutation	524	3625
state_mutation	525	1958
state_mutation	526	3708
state_mutation	527	6833
state_mutation	528	3708
state_mutation	529	1833
state_mutation	530	3708
state_mutation	531	1750
state_mutation	532	3916
state_mutation	533	1791
state_mutation	534	3708
state_mutation	535	2666
state_mutation	536	3750
state_mutation	537	8166
state_mutation	538	4416
state_mutation	539	11541
state_mutation	540	12500
state_mutation	541	3708
state_mutation	542	5541
state_mutation	543	1791
state_mutation	544	3916
state_mutation	545	2625
state_mutation	546	3833
state_mutation	547	18916
state_mutation	548	4666
state_mutation	549	5125
state_mutation	550	10375
state_mutation	551	16791
state_mutation	552	9583
state_mutation	553	2791
state_mutation	554	4250
state_mutation	555	16916
state_mutation	556	21250
state_mutation	557	20500
state_mutation	558	15000
state_mutation	559	6708
state_mutation	560	7000
state_mutation	561	4375
state_mutation	562	10416
state_mutation	563	2541
state_mutation	564	6541
state_mutation	565	4000
state_mutation	566	4916
state_mutation	567	10666
state_mutation	568	5625
state_mutation	569	5291
state_mutation	570	14583
state_mutation	571	2833
state_mutation	572	3833
state_mutation	573	9083
state_mutation	574	10250
state_mutation	575	6125
state_mutation	576	7750
state_mutation	577	16666
state_mutation	578	7291
state_mutation	579	4458
state_mutation	580	4833
state_mutation	581	1875
state_mutation	582	3958
state_mutation	583	4541
state_mutation	584	9083
state_mutation	585	5750
state_mutation	586	9000
state_mutation	587	18083
state_mutation	588	7208
state_mutation	589	12708
state_mutation	590	8958
state_mutation	591	10916
state_mutation	592	20375
state_mutation	593	4958
state_mutation	594	7083
state_mutation	595	3666
state_mutation	596	4291
state_mutation	597	11500
state_mutation	598	4000
state_mutation	599	2875
state_mutation	600	3583
state_mutation	601	1875
state_mutation	602	3375
state_mutation	603	1791
state_mutation	604	3416
state_mutation	605	16208
state_mutation	606	19458
state_mutation	607	19166
state_mutation	608	11750
state_mutation	609	30208
state_mutation	610	6875
state_mutation	611	7333
state_mutation	612	5125
state_mutation	613	2333
state_mutation	614	17833
state_mutation	615	10916
state_mutation	616	12333
state_mutation	617	20125
state_mutation	618	8833
state_mutation	619	9166
state_mutation	620	5125
state_mutation	621	11208
state_mutation	622	12166
state_mutation	623	3916
state_mutation	624	5708
state_mutation	625	4833
state_mutation	626	4375
state_mutation	627	9125
state_mutation	628	4458
state_mutation	629	3708
state_mutation	630	4375
state_mutation	631	2625
state_mutation	632	5000
state_mutation	633	1708
state_mutation	634	3666
state_mutation	635	2625
state_mutation	636	3625
state_mutation	637	8333
state_mutation	638	10916
state_mutation	639	7583
state_mutation	640	5583
state_mutation	641	2833
state_mutation	642	4416
state_mutation	643	12000
state_mutation	644	15666
state_mutation	645	3541
state_mutation	646	5208
state_mutation	647	18416
state_mutation	648	4833
state_mutation	649	2625
state_mutation	650	4125
state_mutation	651	1875
state_mutation	652	3708
state_mutation	653	1833
state_mutation	654	3708
state_mutation	655	9916
state_mutation	656	10708
state_mutation	657	8375
state_mutation	658	6041
state_mutation	659	2458
state_mutation	660	4041
state_mutation	661	4500
state_mutation	662	9875
state_mutation	663	4541
state_mutation	664	9875
state_mutation	665	4833
state_mutation	666	9625
state_mutation	667	13458
state_mutation	668	10208
state_mutation	669	4791
state_mutation	670	10250
state_mutation	671	3041
state_mutation	672	15625
state_mutation	673	3291
state_mutation	674	4916
state_mutation	675	6875
state_mutation	676	6375
state_mutation	677	13708
state_mutation	678	7708
state_mutation	679	7583
state_mutation	680	5416
state_mutation	681	3291
state_mutation	682	5250
state_mutation	683	12750
state_mutation	684	13416
state_mutation	685	43541
state_mutation	686	15500
state_mutation	687	10083
state_mutation	688	15208
state_mutation	689	10458
state_mutation	690	10208
state_mutation	691	10125
state_mutation	692	10333
state_mutation	693	16916
state_mutation	694	6041
state_mutation	695	3250
state_mutation	696	4666
state_mutation	697	4791
state_mutation	698	10375
state_mutation	699	10458
state_mutation	700	11041
state_mutation	701	15833
state_mutation	702	5541
state_mutation	703	2666
state_mutation	704	4500
state_mutation	705	2041
state_mutation	706	4625
state_mutation	707	10125
state_mutation	708	10958
state_mutation	709	20500
state_mutation	710	7458
state_mutation	711	4041
state_mutation	712	5666
state_mutation	713	2083
state_mutation	714	4083
state_mutation	715	9500
state_mutation	716	10166
state_mutation	717	31333
state_mutation	718	12875
state_mutation	719	8041
state_mutation	720	38500
state_mutation	721	5041
state_mutation	722	10166
state_mutation	723	2166
state_mutation	724	3833
state_mutation	725	17583
state_mutation	726	7333
state_mutation	727	6291
state_mutation	728	7208
state_mutation	729	9583
state_mutation	730	10250
state_mutation	731	15541
state_mutation	732	10375
state_mutation	733	31916
state_mutation	734	12958
state_mutation	735	6583
state_mutation	736	11375
state_mutation	737	4875
state_mutation	738	10583
state_mutation	739	9083
state_mutation	740	9666
state_mutation	741	31333
state_mutation	742	12333
state_mutation	743	5291
state_mutation	744	10750
state_mutation	745	4500
state_mutation	746	10500
state_mutation	747	14125
state_mutation	748	18250
state_mutation	749	32083
state_mutation	750	13375
state_mutation	751	7375
state_mutation	752	15333
state_mutation	753	2791
state_mutation	754	4250
state_mutation	755	12375
state_mutation	756	17625
state_mutation	757	15458
state_mutation	758	6583
state_mutation	759	3916
state_mutation	760	4875
state_mutation	761	2416
state_mutation	762	4250
state_mutation	763	8916
state_mutation	764	10916
state_mutation	765	31166
state_mutation	766	11958
state_mutation	767	5166
state_mutation	768	11000
state_mutation	769	4708
state_mutation	770	10625
state_mutation	771	10833
state_mutation	772	11500
state_mutation	773	15208
state_mutation	774	7125
state_mutation	775	3375
state_mutation	776	4416
state_mutation	777	2416
state_mutation	778	4083
state_mutation	779	12458
state_mutation	780	16416
state_mutation	781	31666
state_mutation	782	14583
state_mutation	783	10125
state_mutation	784	8875
state_mutation	785	4541
state_mutation	786	7833
state_mutation	787	13291
state_mutation	788	17750
state_mutation	789	7708
state_mutation	790	29416
state_mutation	791	24125
state_mutation	792	4250
state_mutation	793	2833
state_mutation	794	4083
state_mutation	795	1916
state_mutation	796	9125
state_mutation	797	1750
state_mutation	798	5750
state_mutation	799	2125
state_mutation	800	3583
state_mutation	801	6500
state_mutation	802	3833
state_mutation	803	11958
state_mutation	804	18291
state_mutation	805	3583
state_mutation	806	5083
state_mutation	807	1708
state_mutation	808	3916
state_mutation	809	2416
state_mutation	810	3750
state_mutation	811	8500
state_mutation	812	3791
state_mutation	813	1750
state_mutation	814	3833
state_mutation	815	5666
state_mutation	816	3875
state_mutation	817	1708
state_mutation	818	3833
state_mutation	819	12500
state_mutation	820	16583
state_mutation	821	15958
state_mutation	822	11791
state_mutation	823	5916
state_mutation	824	10958
state_mutation	825	5166
state_mutation	826	10083
state_mutation	827	4500
state_mutation	828	10000
state_mutation	829	5416
state_mutation	830	10000
state_mutation	831	52333
state_mutation	832	10708
state_mutation	833	2708
state_mutation	834	4125
state_mutation	835	1708
state_mutation	836	3916
state_mutation	837	13625
state_mutation	838	9833
state_mutation	839	12666
state_mutation	840	15916
state_mutation	841	10208
state_mutation	842	12166
state_mutation	843	10875
state_mutation	844	10208
state_mutation	845	22666
state_mutation	846	10208
state_mutation	847	3791
state_mutation	848	3750
state_mutation	849	3708
state_mutation	850	3750
state_mutation	851	3750
state_mutation	852	3791
state_mutation	853	3750
state_mutation	854	9958
state_mutation	855	10041
state_mutation	856	3958
state_mutation	857	3708
state_mutation	858	3916
state_mutation	859	3708
state_mutation	860	4708
state_mutation	861	4833
state_mutation	862	3791
state_mutation	863	3708
state_mutation	864	3791
state_mutation	865	4666
state_mutation	866	10041
state_mutation	867	10000
state_mutation	868	10083
state_mutation	869	10000
state_mutation	870	10125
state_mutation	871	13500
state_mutation	872	6208
state_mutation	873	4000
state_mutation	874	42375
state_mutation	875	33375
state_mutation	876	39458
state_mutation	877	16750
state_mutation	878	7541
state_mutation	879	11875
state_mutation	880	4916
state_mutation	881	10541
state_mutation	882	18708
state_mutation	883	24666
state_mutation	884	48458
state_mutation	885	10666
state_mutation	886	16458
state_mutation	887	20541
state_mutation	888	24791
state_mutation	889	15041
state_mutation	890	10791
state_mutation	891	12041
state_mutation	892	12083
state_mutation	893	12458
state_mutation	894	21916
state_mutation	895	9291
state_mutation	896	9375
state_mutation	897	5500
state_mutation	898	12541
state_mutation	899	14000
state_mutation	900	6427833
state_mutation	901	13666
state_mutation	902	6708
state_mutation	903	8875
state_mutation	904	29500
state_mutation	905	22333
state_mutation	906	5250
state_mutation	907	5291
state_mutation	908	4916
state_mutation	909	4083
state_mutation	910	4166
state_mutation	911	3875
state_mutation	912	10333
state_mutation	913	10125
state_mutation	914	10583
state_mutation	915	10291
state_mutation	916	10416
state_mutation	917	10416
state_mutation	918	10291
state_mutation	919	10083
state_mutation	920	10208
state_mutation	921	10333
state_mutation	922	10250
state_mutation	923	10125
state_mutation	924	10541
state_mutation	925	10291
state_mutation	926	10250
state_mutation	927	10375
state_mutation	928	10458
state_mutation	929	4708
state_mutation	930	3833
state_mutation	931	3791
state_mutation	932	3875
state_mutation	933	3916
state_mutation	934	3791
state_mutation	935	3916
state_mutation	936	10250
state_mutation	937	10125
state_mutation	938	9833
state_mutation	939	4791
state_mutation	940	4083
state_mutation	941	27833
visible_layout	0	164583
visible_layout	2	27916
visible_layout	30	46125
visible_layout	73	114583
visible_layout	75	74416
visible_layout	81	78875
visible_layout	89	53458
visible_layout	99	48625
visible_layout	109	47083
visible_layout	119	47083
visible_layout	129	57416
visible_layout	139	48000
visible_layout	149	58291
visible_layout	159	114416
visible_layout	169	100041
visible_layout	179	51333
visible_layout	189	239666
visible_layout	199	218500
visible_layout	209	66458
visible_layout	219	99541
visible_layout	229	81541
visible_layout	239	61833
visible_layout	249	149666
visible_layout	259	51250
visible_layout	269	179458
visible_layout	279	110125
visible_layout	289	243541
visible_layout	299	146375
visible_layout	309	121916
visible_layout	317	127833
visible_layout	327	62416
visible_layout	337	59750
visible_layout	347	48166
visible_layout	357	57666
visible_layout	367	57208
visible_layout	377	51000
visible_layout	387	93625
visible_layout	397	63083
visible_layout	407	43833
visible_layout	417	221958
visible_layout	427	173041
visible_layout	437	74916
visible_layout	447	61333
visible_layout	457	113166
visible_layout	467	70750
visible_layout	477	59833
visible_layout	487	123791
visible_layout	497	68000
visible_layout	507	78416
visible_layout	517	70250
visible_layout	527	58291
visible_layout	537	66833
visible_layout	547	179041
visible_layout	557	298666
visible_layout	567	106375
visible_layout	577	162166
visible_layout	587	229750
visible_layout	597	137416
visible_layout	607	182333
visible_layout	617	207666
visible_layout	627	79458
visible_layout	637	182666
visible_layout	647	132875
visible_layout	657	115666
visible_layout	667	247875
visible_layout	677	186166
visible_layout	685	134083
visible_layout	693	54541
visible_layout	701	58166
visible_layout	709	55541
visible_layout	717	137666
visible_layout	725	67291
visible_layout	733	140500
visible_layout	741	123375
visible_layout	749	156750
visible_layout	757	67958
visible_layout	765	140083
visible_layout	773	58541
visible_layout	781	141916
visible_layout	791	136541
visible_layout	801	55791
visible_layout	811	62125
visible_layout	821	152666
visible_layout	831	147750
visible_layout	876	231833
visible_layout	884	89125
visible_layout	894	13365666
